Time, Energy
0, 44
0, 585
0, 779
0, 515
0, 1133
0, 379
0, 47
0, 405
0, 660
0, 835
0, 1196
0, 676
0, 309
0, 321
0, 566
0, 85
0, 572
0, 118
0, 370
0, 429
0, 406
0, 1195
0, 195
0, 91
0, 1145
0, 1111
0, 1091
0, 403
0, 375
0, 775
0, 162
0, 753
0, 836
0, 579
0, 587
0, 1141
0, 386
0, 1145
0, 1108
0, 86
0, 234
0, 665
0, 676
0, 236
0, 421
0, 264
0, 1132
0, 1098
0, 308
0, 171
0, 1130
0, 1131
1, 340
1, 99
1, 334
1, 309
1, 130
1, 690
1, 1096
1, 215
1, 545
1, 215
1, 180
1, 290
1, 536
1, 1153
1, 47
1, 471
1, 236
1, 410
1, 154
1, 937
1, 447
1, 1113
1, 1147
1, 1102
1, 1153
1, 525
1, 484
1, 182
1, 1061
1, 54
1, 344
1, 478
1, 489
1, 459
1, 1147
1, 501
1, 816
1, 1192
1, 733
1, 1119
1, 442
1, 395
1, 716
1, 565
2, 710
2, 1055
2, 1092
2, 310
2, 790
2, 692
2, 257
2, 196
2, 217
2, 217
2, 1034
2, 405
2, 742
2, 710
2, 612
2, 77
2, 418
2, 850
2, 801
2, 584
2, 694
2, 832
2, 578
2, 820
2, 457
2, 355
2, 865
2, 348
2, 422
2, 1053
2, 551
2, 794
2, 273
2, 106
2, 1094
2, 106
2, 561
2, 843
2, 70
2, 311
2, 231
2, 1089
2, 682
2, 1075
2, 792
2, 390
2, 338
3, 216
3, 283
3, 1118
3, 327
3, 1145
3, 1136
3, 284
3, 738
3, 1118
3, 871
3, 370
3, 347
3, 374
3, 1103
3, 1100
3, 155
3, 1030
3, 967
3, 1023
3, 50
3, 1065
3, 317
3, 760
3, 467
3, 1133
3, 455
3, 674
3, 312
3, 1128
3, 489
3, 1090
3, 1142
3, 402
3, 550
3, 86
3, 272
3, 47
3, 68
4, 1160
4, 582
4, 229
4, 626
4, 548
4, 520
4, 624
4, 886
4, 1076
4, 839
4, 112
4, 68
4, 651
4, 623
4, 152
4, 636
4, 387
4, 361
4, 1108
4, 1075
4, 523
4, 185
4, 331
4, 186
4, 291
4, 1096
4, 709
4, 1144
4, 722
4, 714
4, 159
4, 362
4, 1081
4, 1165
4, 585
4, 1135
4, 1077
4, 486
4, 1103
4, 336
4, 352
4, 468
4, 1145
4, 185
4, 341
4, 607
4, 880
4, 147
4, 667
4, 288
4, 101
5, 733
5, 515
5, 1191
5, 234
5, 1091
5, 382
5, 629
5, 133
5, 1111
5, 233
5, 746
5, 936
5, 785
5, 1032
5, 445
5, 635
5, 1058
5, 476
5, 1128
5, 217
5, 716
5, 646
5, 76
5, 392
5, 310
5, 1149
5, 193
5, 726
5, 689
5, 330
5, 556
5, 684
5, 1086
5, 203
5, 1126
5, 564
5, 244
6, 85
6, 149
6, 162
6, 81
6, 111
6, 537
6, 829
6, 767
6, 680
6, 608
6, 193
6, 282
6, 1135
6, 379
6, 582
6, 302
6, 298
6, 48
6, 457
6, 294
6, 364
6, 355
6, 651
6, 487
6, 1153
6, 391
6, 670
6, 69
6, 895
6, 385
6, 603
6, 432
6, 1166
6, 774
6, 656
6, 911
6, 1098
6, 49
6, 823
6, 256
6, 339
6, 449
6, 221
6, 124
6, 1109
6, 45
6, 274
6, 1109
6, 1127
6, 1112
6, 1076
6, 1146
7, 299
7, 129
7, 1009
7, 325
7, 250
7, 1101
7, 487
7, 43
7, 260
7, 483
7, 456
7, 1107
7, 76
7, 694
7, 606
7, 258
7, 445
7, 1146
7, 308
7, 1078
7, 292
7, 75
7, 133
7, 1116
7, 1109
7, 163
7, 197
7, 534
7, 687
7, 349
7, 1120
7, 194
7, 320
7, 1126
7, 427
7, 292
7, 141
7, 605
7, 387
7, 638
7, 638
7, 402
7, 148
7, 657
7, 629
7, 44
7, 465
7, 1091
8, 403
8, 246
8, 149
8, 434
8, 1123
8, 634
8, 735
8, 1092
8, 1086
8, 1104
8, 446
8, 425
8, 679
8, 491
8, 897
8, 58
8, 425
8, 552
8, 348
8, 645
8, 102
8, 721
8, 403
8, 347
8, 1080
8, 412
8, 675
8, 1173
8, 526
8, 1096
8, 748
8, 269
8, 826
8, 107
8, 406
8, 142
8, 355
8, 1087
8, 669
8, 342
8, 516
9, 740
9, 324
9, 366
9, 674
9, 635
9, 277
9, 1137
9, 283
9, 161
9, 441
9, 364
9, 299
9, 155
9, 184
9, 625
9, 403
9, 313
9, 654
9, 289
9, 167
9, 376
9, 139
9, 597
9, 533
9, 252
9, 1155
9, 757
9, 419
9, 283
9, 222
9, 491
9, 1078
9, 213
9, 44
9, 546
9, 1043
9, 302
9, 336
9, 825
9, 45
9, 712
10, 1125
10, 145
10, 443
10, 672
10, 824
10, 436
10, 46
10, 353
10, 1101
10, 1094
10, 388
10, 1089
10, 385
10, 216
10, 265
10, 601
10, 49
10, 323
10, 554
10, 1099
10, 324
10, 300
10, 252
10, 402
10, 1101
10, 354
10, 623
10, 390
10, 841
10, 439
10, 102
10, 215
10, 475
10, 574
10, 173
10, 381
10, 514
10, 395
10, 735
10, 852
10, 292
10, 1147
10, 772
10, 278
10, 339
10, 182
10, 577
10, 429
10, 1085
10, 1090
10, 336
10, 1130
10, 427
11, 565
11, 277
11, 766
11, 713
11, 1132
11, 700
11, 131
11, 408
11, 1085
11, 382
11, 44
11, 267
11, 731
11, 266
11, 1115
11, 195
11, 424
11, 275
11, 1139
11, 293
11, 983
11, 349
11, 608
11, 615
11, 312
11, 218
11, 741
11, 665
11, 1089
11, 68
11, 553
11, 280
11, 529
11, 1022
11, 242
11, 674
11, 530
11, 133
11, 1133
11, 158
11, 1185
12, 1157
12, 550
12, 167
12, 491
12, 831
12, 1115
12, 1122
12, 380
12, 431
12, 402
12, 411
12, 350
12, 145
12, 542
12, 47
12, 551
12, 198
12, 486
12, 397
12, 323
12, 110
12, 400
12, 1076
12, 151
12, 1045
12, 504
12, 1104
12, 360
12, 889
12, 720
12, 75
12, 519
12, 221
12, 373
12, 1117
12, 99
12, 1134
12, 904
12, 388
12, 1152
12, 666
12, 1160
12, 724
13, 1138
13, 663
13, 708
13, 1119
13, 1028
13, 658
13, 593
13, 105
13, 48
13, 525
13, 171
13, 249
13, 1121
13, 70
13, 231
13, 573
13, 607
13, 275
13, 333
13, 88
13, 307
13, 1134
13, 120
13, 88
13, 511
13, 733
13, 251
13, 220
13, 614
13, 1060
13, 1146
13, 309
13, 451
13, 921
13, 284
13, 577
13, 1178
13, 1137
13, 45
13, 435
14, 673
14, 209
14, 1085
14, 567
14, 686
14, 43
14, 196
14, 55
14, 115
14, 558
14, 273
14, 94
14, 268
14, 1135
14, 231
14, 1090
14, 254
14, 1127
14, 1057
14, 836
14, 84
14, 1175
14, 1108
14, 922
14, 573
14, 60
14, 546
14, 670
14, 1186
14, 77
14, 424
14, 1127
14, 513
14, 671
14, 344
14, 782
14, 54
15, 73
15, 1088
15, 1122
15, 524
15, 661
15, 325
15, 601
15, 615
15, 73
15, 719
15, 307
15, 1133
15, 255
15, 774
15, 55
15, 411
15, 204
15, 523
15, 194
15, 1053
15, 235
15, 1146
15, 389
15, 1070
15, 147
15, 309
15, 68
15, 318
15, 373
15, 317
15, 1102
15, 225
15, 545
15, 615
15, 88
15, 352
15, 611
15, 521
15, 1119
15, 85
15, 1128
15, 119
15, 679
16, 45
16, 70
16, 499
16, 380
16, 123
16, 336
16, 116
16, 311
16, 1074
16, 134
16, 944
16, 1106
16, 237
16, 725
16, 251
16, 1118
16, 610
16, 875
16, 324
16, 1120
16, 777
16, 327
16, 90
16, 1112
16, 313
16, 1118
16, 1103
16, 704
16, 342
16, 654
16, 820
16, 917
16, 544
16, 473
16, 287
16, 574
16, 124
16, 1064
16, 231
16, 729
16, 1077
16, 519
16, 237
16, 1041
16, 661
16, 595
16, 936
17, 682
17, 726
17, 635
17, 1132
17, 667
17, 395
17, 109
17, 212
17, 1040
17, 184
17, 109
17, 586
17, 1148
17, 1119
17, 235
17, 1169
17, 1062
17, 206
17, 193
17, 469
17, 58
17, 264
17, 363
17, 1179
17, 1095
17, 261
17, 232
17, 276
17, 377
17, 567
17, 648
17, 236
17, 661
17, 1127
17, 540
18, 1099
18, 241
18, 155
18, 43
18, 575
18, 235
18, 385
18, 1096
18, 1075
18, 1124
18, 123
18, 979
18, 476
18, 47
18, 176
18, 457
18, 415
18, 115
18, 546
18, 456
18, 1095
18, 677
18, 670
18, 1161
18, 389
18, 198
18, 1127
18, 558
18, 597
18, 850
18, 113
18, 904
18, 754
18, 221
18, 659
18, 544
18, 405
18, 1122
18, 333
18, 304
18, 468
18, 486
18, 88
18, 1103
18, 1206
18, 1100
18, 68
18, 142
18, 639
19, 706
19, 350
19, 1074
19, 775
19, 335
19, 762
19, 544
19, 1139
19, 463
19, 291
19, 153
19, 44
19, 348
19, 294
19, 745
19, 1013
19, 273
19, 571
19, 48
19, 727
19, 122
19, 190
19, 1074
19, 287
19, 672
19, 346
19, 323
19, 639
19, 423
20, 386
20, 1161
20, 357
20, 1112
20, 402
20, 77
20, 263
20, 143
20, 431
20, 222
20, 1099
20, 113
20, 778
20, 527
20, 1156
20, 61
20, 506
20, 550
20, 1132
20, 346
20, 608
20, 1151
20, 1062
20, 1113
20, 1122
20, 1166
20, 459
20, 412
20, 1115
20, 237
20, 289
20, 1068
20, 54
20, 1153
20, 333
20, 598
20, 437
20, 140
20, 325
20, 1178
20, 437
21, 293
21, 1128
21, 384
21, 1108
21, 299
21, 485
21, 606
21, 709
21, 1040
21, 48
21, 336
21, 136
21, 232
21, 1083
21, 437
21, 1142
21, 1177
21, 629
21, 155
21, 1073
21, 307
21, 460
21, 85
21, 226
21, 1128
21, 1013
21, 1136
21, 49
21, 1099
21, 56
21, 810
21, 752
21, 693
21, 395
21, 234
21, 331
21, 364
21, 297
21, 1139
22, 1101
22, 807
22, 375
22, 459
22, 515
22, 492
22, 523
22, 798
22, 559
22, 87
22, 909
22, 80
22, 171
22, 118
22, 1129
22, 186
22, 278
22, 242
22, 355
22, 1117
22, 314
22, 410
22, 334
22, 268
22, 708
22, 57
22, 780
22, 149
22, 322
22, 356
22, 1126
22, 209
22, 302
22, 1075
23, 795
23, 292
23, 91
23, 1113
23, 806
23, 340
23, 115
23, 464
23, 56
23, 458
23, 813
23, 368
23, 188
23, 320
23, 178
23, 423
23, 1122
23, 113
23, 531
23, 366
23, 829
23, 639
23, 53
23, 754
23, 602
23, 76
23, 1081
23, 93
23, 246
23, 1088
23, 700
23, 414
24, 655
24, 1041
24, 368
24, 215
24, 243
24, 248
24, 920
24, 383
24, 250
24, 579
24, 336
24, 272
24, 680
24, 400
24, 600
24, 1067
24, 1131
24, 1117
24, 223
24, 763
24, 332
24, 828
24, 751
24, 1113
24, 243
24, 164
24, 239
24, 380
24, 269
24, 448
24, 317
24, 295
24, 195
24, 695
24, 92
24, 652
24, 392
24, 49
24, 478
24, 676
24, 1141
24, 1090
24, 365
24, 606
24, 672
24, 686
24, 719
24, 1081
24, 430
24, 696
25, 1135
25, 1100
25, 595
25, 655
25, 711
25, 576
25, 1023
25, 394
25, 134
25, 315
25, 613
25, 136
25, 446
25, 1003
25, 634
25, 711
25, 1088
25, 210
25, 86
25, 50
25, 97
25, 255
25, 1168
25, 94
25, 1110
25, 633
25, 53
25, 745
25, 404
25, 657
25, 361
25, 598
25, 1021
25, 1163
25, 770
25, 165
25, 437
25, 1069
25, 260
25, 407
25, 1097
25, 95
25, 82
25, 1050
25, 698
25, 774
25, 299
26, 852
26, 726
26, 294
26, 1090
26, 687
26, 337
26, 150
26, 495
26, 1153
26, 51
26, 338
26, 632
26, 44
26, 1172
26, 1151
26, 174
26, 119
26, 738
26, 733
26, 619
26, 314
26, 208
26, 1152
26, 298
26, 163
26, 651
26, 48
26, 375
26, 113
26, 118
26, 280
26, 382
26, 1156
26, 660
26, 1120
26, 289
26, 1125
26, 841
26, 122
26, 578
26, 565
26, 362
26, 687
26, 265
26, 437
26, 438
27, 518
27, 1081
27, 318
27, 741
27, 860
27, 533
27, 239
27, 1103
27, 1165
27, 310
27, 261
27, 710
27, 168
27, 185
27, 1097
27, 816
27, 1114
27, 94
27, 604
27, 319
27, 109
27, 355
27, 755
27, 617
27, 1179
27, 411
27, 828
27, 193
27, 168
27, 582
27, 79
27, 369
27, 1022
27, 695
27, 1120
27, 287
27, 507
27, 50
27, 1142
27, 750
27, 525
27, 1102
27, 68
27, 490
27, 410
28, 105
28, 378
28, 1130
28, 433
28, 1214
28, 70
28, 651
28, 314
28, 1090
28, 684
28, 85
28, 89
28, 906
28, 462
28, 54
28, 201
28, 312
28, 1093
28, 1163
28, 50
28, 725
28, 1091
28, 489
28, 354
28, 938
28, 467
28, 703
28, 351
28, 72
28, 416
28, 271
28, 1067
28, 362
28, 181
28, 669
28, 1151
28, 197
28, 221
28, 556
28, 1053
28, 748
29, 764
29, 136
29, 999
29, 159
29, 678
29, 247
29, 186
29, 58
29, 243
29, 1053
29, 181
29, 68
29, 309
29, 154
29, 1062
29, 468
29, 1138
29, 292
29, 1122
29, 376
29, 207
29, 247
29, 398
29, 71
29, 191
29, 283
29, 80
29, 1059
29, 318
29, 169
29, 431
29, 62
29, 1184
29, 1078
29, 642
29, 1145
29, 515
29, 543
29, 1179
29, 1097
29, 540
29, 945
29, 366
30, 352
30, 1045
30, 337
30, 1112
30, 680
30, 210
30, 233
30, 56
30, 1106
30, 1127
30, 236
30, 1167
30, 1138
30, 739
30, 1140
30, 1161
30, 745
30, 886
30, 288
30, 669
30, 117
30, 745
30, 438
30, 180
30, 343
30, 394
30, 636
30, 63
30, 391
30, 772
30, 1093
30, 301
30, 120
30, 613
30, 856
30, 328
30, 539
31, 1061
31, 45
31, 78
31, 58
31, 712
31, 1093
31, 1073
31, 347
31, 752
31, 289
31, 742
31, 43
31, 43
31, 688
31, 167
31, 1115
31, 622
31, 1130
31, 610
31, 329
31, 108
31, 1092
31, 737
31, 444
31, 612
31, 1069
32, 386
32, 1135
32, 774
32, 230
32, 554
32, 215
32, 627
32, 1091
32, 128
32, 1076
32, 744
32, 48
32, 1118
32, 1087
32, 44
32, 424
32, 583
32, 651
32, 567
32, 497
32, 272
32, 410
32, 390
32, 1162
32, 338
32, 44
32, 332
32, 1038
32, 829
32, 357
32, 1159
32, 284
32, 155
32, 606
32, 777
32, 342
32, 524
32, 537
32, 368
32, 1135
32, 1138
32, 530
32, 1132
32, 625
32, 129
32, 1108
32, 1127
32, 711
32, 181
32, 234
32, 356
33, 1124
33, 308
33, 282
33, 1081
33, 1138
33, 661
33, 903
33, 583
33, 255
33, 283
33, 1066
33, 760
33, 103
33, 202
33, 566
33, 43
33, 703
33, 342
33, 1112
33, 766
33, 66
33, 1057
33, 613
33, 1127
33, 1058
33, 204
33, 52
33, 1070
33, 341
33, 83
33, 1111
34, 735
34, 1073
34, 83
34, 395
34, 812
34, 651
34, 605
34, 678
34, 62
34, 1092
34, 165
34, 46
34, 306
34, 1175
34, 263
34, 762
34, 370
34, 52
34, 113
34, 599
34, 586
34, 565
34, 1131
34, 1124
34, 70
34, 828
34, 470
34, 49
34, 285
34, 444
34, 283
35, 528
35, 1091
35, 54
35, 1108
35, 222
35, 58
35, 98
35, 674
35, 1104
35, 1086
35, 263
35, 312
35, 201
35, 675
35, 162
35, 371
35, 901
35, 402
35, 417
35, 510
35, 43
35, 392
35, 670
35, 688
35, 146
35, 158
35, 293
35, 123
35, 667
35, 103
35, 712
35, 50
35, 513
35, 381
35, 1157
35, 447
35, 1082
35, 269
35, 763
36, 205
36, 527
36, 671
36, 487
36, 51
36, 1081
36, 854
36, 1003
36, 223
36, 174
36, 289
36, 46
36, 767
36, 455
36, 796
36, 212
36, 489
36, 1100
36, 452
36, 179
36, 1153
36, 78
36, 316
36, 112
36, 556
36, 1140
36, 1089
36, 50
36, 262
36, 837
36, 528
36, 489
36, 1094
37, 324
37, 154
37, 1149
37, 572
37, 1108
37, 409
37, 1111
37, 426
37, 118
37, 1165
37, 1136
37, 357
37, 151
37, 396
37, 201
37, 718
37, 678
37, 420
37, 262
37, 153
37, 318
37, 1106
37, 773
37, 87
37, 62
37, 208
37, 594
37, 369
37, 558
37, 1119
37, 1057
37, 1112
37, 254
37, 156
37, 165
37, 1122
37, 110
37, 220
37, 1099
38, 832
38, 927
38, 1112
38, 1086
38, 370
38, 366
38, 426
38, 85
38, 1123
38, 451
38, 453
38, 1161
38, 961
38, 352
38, 44
38, 466
38, 334
38, 594
38, 1100
38, 1142
38, 564
38, 567
38, 290
38, 523
38, 585
38, 1098
38, 365
38, 730
38, 366
38, 1098
38, 246
38, 1082
38, 4033
38, 74
38, 1123
38, 496
38, 720
38, 1176
39, 525
39, 455
39, 302
39, 1167
39, 777
39, 1054
39, 347
39, 480
39, 835
39, 387
39, 198
39, 1078
39, 1092
39, 132
39, 47
39, 1120
39, 45
39, 557
39, 282
39, 1135
39, 1134
39, 1091
39, 410
39, 738
39, 223
39, 48
39, 490
39, 214
39, 284
39, 470
39, 413
39, 1051
39, 206
40, 1101
40, 248
40, 767
40, 1098
40, 231
40, 338
40, 1025
40, 362
40, 309
40, 364
40, 302
40, 792
40, 264
40, 125
40, 260
40, 593
40, 648
40, 334
40, 237
40, 185
40, 417
40, 46
40, 640
40, 513
40, 1104
40, 163
40, 666
40, 252
40, 145
40, 707
40, 807
40, 1074
40, 435
40, 116
40, 493
40, 390
40, 374
40, 670
40, 405
40, 1064
40, 396
40, 312
40, 843
41, 1081
41, 392
41, 557
41, 717
41, 612
41, 206
41, 157
41, 1159
41, 86
41, 60
41, 1117
41, 264
41, 407
41, 625
41, 448
41, 1070
41, 706
41, 162
41, 180
41, 1077
41, 730
41, 696
41, 1130
41, 70
41, 1164
41, 413
41, 1077
41, 408
41, 290
41, 1141
41, 126
41, 363
41, 258
41, 320
41, 305
41, 1016
41, 1149
41, 716
41, 950
41, 767
41, 598
41, 733
41, 697
41, 345
41, 590
42, 498
42, 326
42, 361
42, 702
42, 284
42, 50
42, 464
42, 1105
42, 1098
42, 329
42, 601
42, 1136
42, 704
42, 363
42, 280
42, 831
42, 267
42, 495
42, 154
42, 420
42, 1122
42, 1110
42, 761
42, 293
42, 217
42, 327
42, 1106
42, 1068
42, 296
42, 316
42, 178
42, 332
42, 691
42, 155
42, 1101
42, 721
42, 1095
42, 1112
42, 184
42, 1067
42, 401
42, 236
42, 421
42, 240
42, 307
42, 607
43, 245
43, 563
43, 74
43, 509
43, 331
43, 560
43, 248
43, 180
43, 488
43, 511
43, 437
43, 266
43, 640
43, 770
43, 1075
43, 1151
43, 102
43, 776
43, 63
43, 425
43, 371
43, 755
43, 356
43, 757
43, 238
43, 559
43, 1098
43, 511
43, 398
43, 642
43, 780
43, 204
43, 584
43, 301
43, 1079
43, 816
43, 502
43, 263
43, 390
43, 1083
43, 48
44, 567
44, 1088
44, 1123
44, 636
44, 206
44, 988
44, 73
44, 75
44, 423
44, 805
44, 1134
44, 184
44, 83
44, 1137
44, 466
44, 715
44, 84
44, 464
44, 338
44, 1094
44, 433
44, 461
44, 168
44, 334
44, 319
44, 318
44, 97
44, 456
44, 1406
44, 1034
44, 386
44, 217
44, 520
44, 613
44, 294
44, 360
44, 357
44, 344
44, 617
44, 700
44, 241
44, 88
44, 433
44, 1171
44, 355
44, 976
44, 712
44, 149
45, 53
45, 396
45, 194
45, 227
45, 1134
45, 318
45, 211
45, 201
45, 1150
45, 539
45, 715
45, 321
45, 763
45, 401
45, 436
45, 500
45, 719
45, 1084
45, 415
45, 248
45, 222
45, 529
45, 296
45, 1079
45, 347
45, 617
45, 128
45, 485
45, 640
45, 659
45, 528
45, 349
45, 1076
45, 927
45, 573
45, 216
45, 93
45, 223
45, 466
45, 218
45, 325
45, 1097
45, 915
45, 33
45, 1143
46, 516
46, 135
46, 818
46, 280
46, 289
46, 307
46, 1175
46, 470
46, 1113
46, 230
46, 475
46, 312
46, 382
46, 187
46, 146
46, 441
46, 1075
46, 762
46, 312
46, 1113
46, 908
46, 74
46, 1123
46, 286
46, 364
46, 312
46, 490
46, 73
46, 240
46, 729
46, 823
46, 1182
46, 234
46, 276
46, 218
46, 316
46, 400
46, 1116
46, 818
46, 1108
46, 1069
46, 125
46, 1083
46, 638
46, 59
46, 459
46, 620
46, 1121
46, 293
47, 201
47, 643
47, 1106
47, 1177
47, 182
47, 43
47, 1142
47, 277
47, 1077
47, 95
47, 1064
47, 47
47, 286
47, 800
47, 347
47, 911
47, 582
47, 85
47, 500
47, 527
47, 126
47, 95
47, 181
47, 408
47, 477
47, 378
47, 1067
47, 452
47, 243
47, 340
47, 473
47, 683
47, 217
47, 51
47, 475
47, 158
47, 614
47, 191
47, 159
47, 359
47, 593
47, 2838
47, 138
47, 238
48, 45
48, 582
48, 88
48, 349
48, 603
48, 1103
48, 174
48, 44
48, 244
48, 588
48, 396
48, 338
48, 302
48, 209
48, 44
48, 309
48, 1085
48, 175
48, 50
48, 486
48, 519
48, 891
48, 287
48, 678
48, 472
48, 454
48, 650
48, 1134
48, 388
48, 330
48, 598
48, 799
48, 387
48, 108
48, 73
48, 355
48, 266
49, 335
49, 484
49, 546
49, 282
49, 787
49, 69
49, 66
49, 195
49, 222
49, 745
49, 1099
49, 1133
49, 680
49, 391
49, 145
49, 409
49, 1086
49, 1132
49, 59
49, 579
49, 373
49, 574
49, 526
49, 480
49, 53
49, 1017
49, 1116
49, 275
49, 87
49, 243
49, 1140
49, 372
49, 336
49, 102
49, 222
49, 418
49, 1135
49, 1146
50, 52
50, 217
50, 1153
50, 490
50, 218
50, 689
50, 509
50, 1196
50, 674
50, 1131
50, 211
50, 408
50, 247
50, 447
50, 211
50, 99
50, 187
50, 280
50, 636
50, 565
50, 305
50, 415
50, 464
50, 682
50, 260
50, 556
50, 650
50, 326
50, 367
50, 47
50, 494
50, 348
50, 709
50, 471
51, 591
51, 165
51, 221
51, 46
51, 461
51, 129
51, 127
51, 195
51, 294
51, 382
51, 236
51, 270
51, 48
51, 632
51, 1131
51, 1074
51, 783
51, 660
51, 1118
51, 1079
51, 142
51, 262
51, 1120
51, 283
51, 43
51, 602
52, 800
52, 541
52, 433
52, 491
52, 779
52, 1118
52, 392
52, 151
52, 1105
52, 152
52, 126
52, 543
52, 381
52, 125
52, 280
52, 497
52, 1144
52, 1107
52, 376
52, 1120
52, 55
52, 635
52, 85
52, 711
52, 1141
52, 365
52, 193
52, 534
52, 49
52, 416
53, 613
53, 478
53, 534
53, 218
53, 733
53, 623
53, 1031
53, 268
53, 453
53, 79
53, 1105
53, 1144
53, 619
53, 340
53, 408
53, 1103
53, 315
53, 272
53, 44
53, 710
53, 269
53, 1103
53, 60
53, 807
53, 1115
53, 325
53, 1175
53, 345
53, 115
53, 503
53, 732
53, 46
53, 914
53, 1031
53, 170
53, 187
53, 1170
53, 1138
53, 311
53, 698
53, 153
53, 1178
54, 1114
54, 395
54, 1016
54, 742
54, 347
54, 406
54, 1055
54, 1052
54, 327
54, 554
54, 82
54, 683
54, 1184
54, 732
54, 1140
54, 1163
54, 1172
54, 725
54, 1135
54, 1060
54, 340
54, 1128
54, 734
54, 203
54, 285
54, 687
54, 433
54, 66
54, 615
54, 306
54, 393
54, 654
54, 809
54, 696
54, 557
54, 761
54, 375
54, 550
54, 397
54, 1109
54, 421
54, 556
54, 190
54, 115
55, 1136
55, 623
55, 1086
55, 275
55, 127
55, 749
55, 699
55, 89
55, 563
55, 338
55, 322
55, 109
55, 156
55, 743
55, 1097
55, 617
55, 1137
55, 614
55, 1041
55, 799
55, 805
55, 587
55, 768
55, 337
55, 1142
55, 47
55, 245
55, 457
55, 1081
55, 74
55, 1055
55, 1113
55, 440
55, 349
55, 160
55, 454
55, 698
55, 751
55, 343
55, 274
55, 348
55, 517
55, 482
55, 327
55, 293
55, 1125
55, 240
55, 419
55, 44
55, 286
56, 629
56, 1107
56, 478
56, 742
56, 586
56, 267
56, 363
56, 271
56, 722
56, 725
56, 696
56, 634
56, 645
56, 401
56, 189
56, 441
56, 384
56, 167
56, 608
56, 794
56, 579
56, 285
56, 257
56, 64
56, 328
56, 381
56, 727
56, 972
56, 1109
56, 319
56, 612
56, 398
56, 1093
56, 223
56, 1113
56, 458
56, 601
56, 93
56, 341
56, 549
56, 299
57, 690
57, 105
57, 660
57, 48
57, 706
57, 1036
57, 611
57, 678
57, 1084
57, 247
57, 1058
57, 463
57, 265
57, 50
57, 290
57, 92
57, 321
57, 437
57, 319
57, 365
57, 475
57, 44
57, 24
57, 109
57, 174
57, 46
57, 304
57, 836
57, 272
57, 306
57, 1083
57, 514
57, 81
57, 1149
57, 378
57, 723
57, 177
57, 1125
57, 535
58, 371
58, 1114
58, 465
58, 242
58, 339
58, 419
58, 43
58, 413
58, 294
58, 301
58, 188
58, 72
58, 143
58, 246
58, 132
58, 238
58, 74
58, 1114
58, 164
58, 567
58, 1127
58, 241
58, 57
58, 138
58, 382
58, 158
58, 1095
58, 159
58, 1096
58, 1124
58, 1078
58, 128
58, 80
59, 62
59, 1128
59, 208
59, 941
59, 450
59, 422
59, 254
59, 696
59, 473
59, 320
59, 1083
59, 1113
59, 592
59, 603
59, 379
59, 311
59, 1047
59, 90
59, 785
59, 150
59, 442
59, 366
59, 1093
59, 105
59, 1045
59, 1103
59, 845
59, 449
59, 564
59, 61
59, 342
59, 436
59, 46
59, 752
59, 731
59, 98
59, 164
59, 1152
59, 431
59, 437
59, 695
59, 1127
59, 1078
59, 316
60, 623
60, 661
60, 776
60, 234
60, 113
60, 685
60, 610
60, 262
60, 276
60, 347
60, 337
60, 1052
60, 1127
60, 437
60, 200
60, 1121
60, 1080
60, 1129
60, 495
60, 548
60, 339
60, 1115
60, 443
60, 347
60, 723
60, 338
60, 65
60, 563
60, 542
60, 926
60, 1075
60, 739
60, 829
60, 148
60, 333
60, 190
60, 322
60, 567
60, 292
60, 320
60, 386
60, 635
61, 165
61, 860
61, 1107
61, 697
61, 78
61, 698
61, 633
61, 419
61, 1115
61, 123
61, 403
61, 62
61, 629
61, 47
61, 26
61, 516
61, 67
61, 126
61, 900
61, 154
61, 593
61, 626
61, 55
61, 237
61, 648
61, 279
61, 473
61, 1101
61, 507
61, 71
61, 203
61, 1093
61, 379
61, 613
61, 482
61, 1145
62, 400
62, 93
62, 188
62, 630
62, 1124
62, 455
62, 173
62, 123
62, 715
62, 467
62, 272
62, 293
62, 65
62, 327
62, 474
62, 58
62, 900
62, 113
62, 366
62, 567
62, 796
62, 506
62, 1040
62, 213
62, 633
62, 353
62, 392
62, 392
62, 155
62, 196
62, 1048
62, 48
62, 668
62, 479
62, 641
62, 162
63, 560
63, 309
63, 647
63, 43
63, 47
63, 572
63, 62
63, 115
63, 90
63, 523
63, 235
63, 818
63, 409
63, 443
63, 126
63, 176
63, 409
63, 1148
63, 190
63, 268
63, 589
63, 1039
63, 42
63, 243
63, 359
63, 166
63, 299
63, 253
63, 193
63, 90
63, 652
63, 496
63, 470
63, 610
63, 355
63, 623
64, 439
64, 216
64, 1075
64, 384
64, 235
64, 57
64, 1108
64, 463
64, 1110
64, 52
64, 643
64, 548
64, 259
64, 751
64, 1152
64, 192
64, 104
64, 429
64, 521
64, 718
64, 89
64, 393
64, 647
64, 1162
64, 86
64, 317
64, 1114
64, 796
64, 190
64, 392
64, 355
64, 686
65, 294
65, 882
65, 172
65, 1095
65, 65
65, 767
65, 49
65, 547
65, 619
65, 712
65, 435
65, 1371
65, 321
65, 1074
65, 1129
65, 113
65, 1076
65, 419
65, 315
65, 334
65, 489
65, 265
65, 1080
65, 527
65, 1091
65, 204
65, 222
65, 564
65, 563
65, 126
66, 994
66, 463
66, 463
66, 105
66, 693
66, 1118
66, 309
66, 614
66, 1084
66, 1059
66, 293
66, 1132
66, 189
66, 257
66, 686
66, 51
66, 445
66, 284
66, 1084
66, 151
66, 1161
66, 212
66, 299
66, 47
66, 1082
66, 1157
66, 354
66, 1090
66, 607
66, 1103
66, 350
66, 55
66, 65
66, 268
66, 1157
66, 376
66, 1124
66, 416
66, 630
66, 150
66, 70
66, 570
66, 659
66, 1100
66, 347
66, 54
66, 1105
66, 379
66, 1133
66, 45
66, 342
66, 477
66, 511
66, 611
66, 231
66, 1145
66, 440
67, 131
67, 371
67, 157
67, 496
67, 612
67, 344
67, 1088
67, 1106
67, 293
67, 413
67, 354
67, 168
67, 780
67, 1078
67, 411
67, 53
67, 694
67, 539
67, 779
67, 734
67, 320
67, 464
67, 387
67, 591
67, 587
67, 449
67, 546
67, 52
67, 213
67, 44
67, 190
67, 524
67, 68
67, 287
67, 606
67, 1134
67, 147
67, 48
67, 1150
67, 498
68, 497
68, 624
68, 101
68, 294
68, 291
68, 1122
68, 219
68, 167
68, 461
68, 1149
68, 120
68, 1134
68, 419
68, 1135
68, 314
68, 1045
68, 338
68, 52
68, 182
68, 205
68, 1105
68, 439
68, 1147
68, 678
68, 569
68, 230
68, 646
68, 433
68, 302
68, 56
68, 238
68, 412
68, 51
68, 1073
68, 358
68, 207
68, 1155
68, 180
68, 515
68, 160
68, 329
68, 549
68, 1161
68, 227
69, 207
69, 312
69, 1065
69, 119
69, 536
69, 369
69, 195
69, 345
69, 433
69, 800
69, 376
69, 331
69, 871
69, 940
69, 301
69, 1164
69, 436
69, 326
69, 474
69, 862
69, 1122
69, 441
69, 1131
69, 865
69, 107
69, 224
69, 136
69, 901
69, 129
69, 171
69, 517
69, 440
69, 135
69, 359
70, 344
70, 619
70, 66
70, 323
70, 397
70, 348
70, 51
70, 1141
70, 957
70, 445
70, 530
70, 1085
70, 260
70, 249
70, 194
70, 31
70, 444
70, 528
70, 398
70, 608
70, 63
70, 405
70, 1127
70, 497
70, 748
70, 511
70, 377
70, 150
70, 302
70, 358
70, 69
70, 416
70, 284
70, 84
70, 46
70, 228
70, 724
70, 1072
70, 545
70, 251
70, 756
70, 232
70, 42
70, 138
70, 173
71, 342
71, 344
71, 373
71, 235
71, 806
71, 45
71, 409
71, 354
71, 886
71, 202
71, 347
71, 599
71, 376
71, 992
71, 298
71, 588
71, 223
71, 1141
71, 170
71, 1041
71, 200
71, 245
71, 341
71, 89
71, 699
71, 210
71, 630
71, 59
71, 452
71, 1110
71, 453
71, 614
71, 652
71, 546
71, 50
71, 460
71, 1113
71, 207
71, 60
71, 202
72, 175
72, 1130
72, 421
72, 548
72, 139
72, 1102
72, 558
72, 561
72, 217
72, 473
72, 354
72, 138
72, 1161
72, 1159
72, 856
72, 364
72, 1146
72, 301
72, 525
72, 529
72, 451
72, 770
72, 1028
72, 1103
72, 308
72, 773
72, 638
72, 51
72, 644
72, 391
72, 818
72, 52
72, 73
72, 352
72, 618
72, 452
72, 51
72, 559
72, 49
72, 1066
72, 368
72, 689
73, 615
73, 1135
73, 1118
73, 496
73, 316
73, 249
73, 88
73, 183
73, 700
73, 754
73, 542
73, 49
73, 281
73, 618
73, 358
73, 476
73, 1122
73, 225
73, 535
73, 577
73, 1065
73, 84
73, 754
73, 623
73, 194
73, 452
73, 694
73, 787
73, 740
73, 866
73, 633
73, 450
73, 818
73, 1100
73, 373
73, 1118
73, 1109
74, 103
74, 413
74, 55
74, 44
74, 318
74, 540
74, 301
74, 1019
74, 345
74, 1067
74, 155
74, 441
74, 767
74, 630
74, 80
74, 608
74, 344
74, 766
74, 643
74, 344
74, 726
74, 1134
74, 1120
74, 1119
74, 1120
74, 1132
74, 288
74, 405
74, 55
74, 133
74, 747
74, 404
74, 567
74, 293
74, 1141
74, 591
74, 1150
74, 458
74, 1144
74, 328
74, 709
74, 489
74, 90
75, 99
75, 505
75, 443
75, 1149
75, 277
75, 548
75, 1137
75, 456
75, 84
75, 217
75, 287
75, 94
75, 43
75, 627
75, 44
75, 1096
75, 235
75, 252
75, 713
75, 658
75, 1163
75, 47
75, 1166
75, 594
75, 324
75, 1160
75, 286
75, 298
75, 713
75, 330
75, 210
75, 765
75, 462
76, 691
76, 429
76, 341
76, 629
76, 426
76, 696
76, 578
76, 611
76, 187
76, 1091
76, 759
76, 122
76, 618
76, 1092
76, 549
76, 1041
76, 719
76, 349
76, 226
76, 446
76, 307
76, 348
76, 228
76, 56
76, 252
76, 1176
76, 1071
76, 523
76, 338
76, 603
76, 1101
76, 499
76, 1068
76, 302
77, 45
77, 290
77, 1114
77, 414
77, 93
77, 1065
77, 290
77, 1148
77, 286
77, 749
77, 430
77, 140
77, 323
77, 150
77, 510
77, 207
77, 53
77, 285
77, 195
77, 271
77, 702
77, 248
77, 209
77, 1101
77, 635
77, 319
77, 1140
77, 355
77, 410
77, 753
77, 380
77, 53
77, 474
77, 358
77, 468
77, 887
77, 570
77, 203
78, 1087
78, 301
78, 188
78, 589
78, 991
78, 560
78, 372
78, 716
78, 318
78, 653
78, 265
78, 345
78, 439
78, 943
78, 389
78, 182
78, 429
78, 370
78, 367
78, 489
78, 546
78, 335
78, 443
78, 314
78, 104
78, 946
78, 95
78, 622
78, 38
78, 798
78, 1049
78, 257
78, 381
78, 1108
78, 45
78, 614
78, 101
78, 1067
79, 633
79, 585
79, 1117
79, 381
79, 536
79, 1138
79, 732
79, 719
79, 202
79, 1090
79, 480
79, 817
79, 1076
79, 237
79, 755
79, 179
79, 287
79, 377
79, 1105
79, 1059
79, 486
79, 189
79, 762
79, 139
79, 316
79, 142
79, 287
79, 337
79, 361
79, 679
79, 201
79, 259
79, 1065
79, 668
79, 407
79, 301
79, 266
79, 313
79, 1079
79, 458
80, 537
80, 619
80, 345
80, 1076
80, 526
80, 73
80, 214
80, 200
80, 133
80, 199
80, 631
80, 374
80, 324
80, 1076
80, 46
80, 354
80, 424
80, 413
80, 145
80, 1123
80, 525
80, 600
80, 247
80, 340
80, 1102
80, 377
80, 113
80, 257
80, 381
80, 501
80, 242
80, 78
80, 1107
80, 340
80, 288
80, 644
81, 405
81, 695
81, 1083
81, 306
81, 192
81, 184
81, 1102
81, 368
81, 572
81, 715
81, 63
81, 549
81, 229
81, 1187
81, 1122
81, 1116
81, 1169
81, 1157
81, 333
81, 106
81, 181
81, 233
81, 354
81, 1141
81, 254
81, 542
81, 411
81, 834
81, 69
81, 300
81, 240
81, 31
81, 1125
81, 1135
81, 1176
81, 311
81, 230
81, 134
82, 1180
82, 1128
82, 160
82, 321
82, 279
82, 51
82, 1072
82, 268
82, 83
82, 131
82, 1060
82, 1070
82, 672
82, 328
82, 784
82, 80
82, 53
82, 469
82, 1086
82, 78
82, 218
82, 249
82, 1094
82, 459
82, 1047
82, 201
82, 208
82, 1055
82, 214
82, 785
82, 1120
82, 397
82, 1063
82, 1108
82, 1117
82, 649
82, 382
83, 1088
83, 44
83, 404
83, 796
83, 1177
83, 89
83, 498
83, 83
83, 132
83, 205
83, 1114
83, 46
83, 550
83, 1115
83, 1092
83, 649
83, 643
83, 452
83, 498
83, 624
83, 634
83, 1115
83, 103
83, 387
83, 1096
83, 1066
83, 1084
83, 235
83, 125
83, 1108
83, 668
84, 393
84, 107
84, 48
84, 543
84, 498
84, 433
84, 1084
84, 458
84, 60
84, 220
84, 69
84, 1136
84, 653
84, 791
84, 234
84, 176
84, 319
84, 1062
84, 236
84, 743
84, 311
84, 1145
84, 1085
84, 118
84, 405
84, 676
84, 613
84, 45
84, 235
84, 329
84, 715
84, 437
84, 162
84, 612
84, 1117
85, 154
85, 423
85, 240
85, 442
85, 1070
85, 1116
85, 241
85, 143
85, 1087
85, 433
85, 154
85, 566
85, 56
85, 522
85, 377
85, 1119
85, 1092
85, 160
85, 653
85, 1112
85, 263
85, 146
85, 564
85, 1089
85, 334
85, 429
85, 1073
85, 102
85, 727
85, 377
85, 813
85, 337
85, 765
85, 766
85, 787
85, 1119
86, 44
86, 394
86, 456
86, 170
86, 47
86, 666
86, 386
86, 45
86, 561
86, 221
86, 523
86, 477
86, 141
86, 317
86, 256
86, 1137
86, 179
86, 56
86, 492
86, 359
86, 447
86, 289
86, 629
86, 408
86, 1133
86, 557
86, 724
86, 209
86, 1067
86, 1163
86, 1145
86, 1058
86, 347
86, 338
86, 236
86, 282
86, 331
86, 343
86, 382
86, 145
87, 1105
87, 410
87, 1184
87, 1061
87, 598
87, 1152
87, 414
87, 1117
87, 760
87, 1102
87, 1091
87, 604
87, 1128
87, 149
87, 576
87, 524
87, 1112
87, 681
87, 386
87, 374
87, 1169
87, 1055
87, 430
87, 657
87, 400
87, 516
87, 1098
87, 397
87, 118
87, 93
87, 553
87, 159
87, 183
87, 1102
87, 1141
88, 75
88, 1081
88, 1148
88, 1111
88, 28
88, 369
88, 285
88, 50
88, 306
88, 421
88, 478
88, 563
88, 207
88, 268
88, 524
88, 411
88, 1093
88, 530
88, 176
88, 707
88, 417
88, 240
88, 544
88, 218
88, 48
88, 294
88, 1139
88, 300
88, 212
88, 242
88, 812
88, 562
88, 612
88, 124
88, 361
88, 436
88, 46
88, 349
88, 640
88, 311
88, 1106
88, 551
88, 911
89, 1080
89, 619
89, 131
89, 1112
89, 1110
89, 66
89, 307
89, 404
89, 726
89, 143
89, 787
89, 670
89, 1088
89, 419
89, 131
89, 148
89, 1113
89, 300
89, 154
89, 557
89, 1077
89, 235
89, 429
89, 299
89, 613
89, 187
89, 82
89, 143
89, 136
89, 57
89, 282
89, 391
89, 1095
90, 391
90, 1160
90, 425
90, 1104
90, 336
90, 196
90, 202
90, 914
90, 735
90, 1072
90, 718
90, 314
90, 186
90, 237
90, 206
90, 176
90, 1082
90, 1068
90, 246
90, 552
90, 107
90, 294
90, 54
90, 568
90, 50
90, 234
90, 269
90, 179
90, 379
90, 1157
90, 1141
90, 609
90, 1120
90, 330
91, 260
91, 1092
91, 755
91, 623
91, 354
91, 100
91, 1151
91, 1139
91, 368
91, 544
91, 355
91, 44
91, 201
91, 46
91, 116
91, 1069
91, 698
91, 603
91, 234
91, 1138
91, 744
91, 1091
91, 1082
91, 486
91, 125
91, 78
91, 146
91, 385
91, 311
91, 671
91, 383
91, 591
91, 45
91, 523
91, 740
91, 552
91, 849
91, 407
91, 511
91, 499
91, 372
92, 305
92, 49
92, 883
92, 565
92, 1130
92, 559
92, 424
92, 525
92, 1131
92, 372
92, 201
92, 103
92, 1055
92, 1125
92, 115
92, 400
92, 807
92, 372
92, 238
92, 402
92, 1092
92, 319
92, 643
92, 1125
92, 1125
92, 588
92, 423
92, 141
92, 219
92, 480
92, 216
92, 168
92, 796
92, 103
92, 1000
92, 291
92, 727
92, 710
92, 1161
92, 1111
93, 564
93, 161
93, 281
93, 1095
93, 795
93, 411
93, 1142
93, 329
93, 1121
93, 310
93, 242
93, 203
93, 492
93, 731
93, 691
93, 1082
93, 225
93, 1111
93, 1051
93, 180
93, 1173
93, 570
93, 45
93, 353
93, 677
93, 233
93, 676
93, 142
93, 331
93, 712
93, 1079
93, 289
93, 68
93, 1055
93, 1031
93, 1125
93, 1108
93, 270
93, 244
93, 476
93, 192
93, 51
93, 528
93, 1042
94, 437
94, 779
94, 281
94, 237
94, 859
94, 184
94, 514
94, 545
94, 532
94, 391
94, 680
94, 767
94, 45
94, 591
94, 57
94, 1111
94, 437
94, 53
94, 291
94, 406
94, 215
94, 1074
94, 444
94, 451
94, 1066
94, 1089
94, 1039
94, 477
94, 1155
94, 301
94, 50
94, 628
94, 398
94, 407
94, 490
94, 72
94, 182
95, 429
95, 266
95, 274
95, 285
95, 301
95, 334
95, 1131
95, 508
95, 104
95, 401
95, 213
95, 1062
95, 710
95, 255
95, 539
95, 1163
95, 246
95, 493
95, 51
95, 503
95, 744
95, 1108
95, 682
95, 338
95, 1087
95, 405
95, 509
95, 423
95, 501
95, 476
95, 364
95, 233
95, 310
95, 639
95, 1109
95, 417
95, 678
95, 1126
95, 1147
95, 856
95, 587
95, 1118
95, 1058
95, 677
95, 680
96, 402
96, 112
96, 63
96, 1140
96, 44
96, 111
96, 252
96, 352
96, 469
96, 409
96, 97
96, 399
96, 267
96, 622
96, 1180
96, 425
96, 1081
96, 329
96, 603
96, 397
96, 273
96, 1130
96, 372
96, 246
96, 49
96, 54
96, 1176
96, 361
96, 147
96, 1091
96, 95
96, 1194
96, 56
96, 1148
96, 330
96, 662
96, 425
96, 1109
96, 1105
96, 44
96, 53
97, 354
97, 1196
97, 1118
97, 567
97, 209
97, 49
97, 403
97, 109
97, 336
97, 95
97, 893
97, 874
97, 767
97, 953
97, 552
97, 52
97, 132
97, 741
97, 429
97, 1142
97, 729
97, 1097
97, 356
97, 137
97, 1118
97, 244
97, 344
97, 1127
97, 277
97, 46
97, 625
97, 1127
97, 347
97, 47
97, 331
97, 188
97, 1122
97, 517
97, 469
98, 1106
98, 338
98, 882
98, 1173
98, 250
98, 237
98, 711
98, 305
98, 503
98, 1089
98, 58
98, 27
98, 1066
98, 1097
98, 387
98, 434
98, 519
98, 667
98, 376
98, 1129
98, 927
98, 505
98, 772
98, 208
98, 1000
98, 289
98, 433
98, 70
98, 309
98, 400
98, 48
98, 588
98, 216
98, 486
98, 182
98, 235
98, 465
98, 467
98, 1079
98, 76
98, 632
98, 1072
98, 395
98, 1180
98, 1027
98, 1059
98, 556
98, 1185
98, 78
98, 932
99, 61
99, 233
99, 128
99, 1016
99, 325
99, 1169
99, 1128
99, 623
99, 487
99, 1119
99, 60
99, 406
99, 341
99, 511
99, 1090
99, 337
99, 811
99, 532
99, 696
99, 684
99, 355
99, 648
99, 613
99, 88
99, 642
99, 183
99, 410
99, 302
99, 307
99, 1095
99, 600
99, 126
99, 1104
99, 997
99, 1090
99, 497
99, 558
99, 750
99, 1099
99, 229
99, 383
99, 377
99, 354
99, 44
99, 699
99, 690
99, 144
100, 1165
100, 525
100, 1037
100, 361
100, 278
100, 228
100, 768
100, 128
100, 139
100, 643
100, 219
100, 378
100, 567
100, 640
100, 1118
100, 96
100, 171
100, 72
100, 94
100, 605
100, 340
100, 666
100, 516
100, 420
100, 253
100, 742
100, 1154
100, 296
100, 1081
100, 553
100, 535
100, 1080
100, 572
100, 556
100, 289
100, 744
100, 112
100, 1143
100, 447
100, 1116
100, 1044
100, 91
100, 639
100, 55
100, 639
100, 112
100, 127
100, 48
100, 1133
100, 1110
100, 1141
100, 1069
100, 476
100, 1141
100, 1091
101, 310
101, 144
101, 1074
101, 502
101, 252
101, 610
101, 55
101, 431
101, 1016
101, 1085
101, 418
101, 701
101, 1069
101, 1083
101, 662
101, 268
101, 526
101, 1106
101, 56
101, 1120
101, 331
101, 373
101, 483
101, 388
101, 1112
101, 304
101, 932
101, 316
101, 1033
101, 283
101, 1087
101, 249
101, 607
101, 82
101, 768
101, 1065
101, 651
101, 758
101, 366
102, 302
102, 111
102, 1033
102, 106
102, 1170
102, 329
102, 374
102, 562
102, 403
102, 99
102, 270
102, 645
102, 407
102, 448
102, 119
102, 257
102, 178
102, 644
102, 517
102, 457
102, 428
102, 1054
102, 301
102, 284
102, 1090
102, 180
102, 368
102, 44
102, 359
102, 109
102, 697
102, 472
102, 235
102, 426
102, 275
102, 230
102, 282
102, 526
102, 111
102, 101
102, 287
103, 366
103, 521
103, 235
103, 731
103, 587
103, 1092
103, 290
103, 1053
103, 416
103, 397
103, 79
103, 575
103, 603
103, 121
103, 498
103, 1201
103, 90
103, 1109
103, 1050
103, 57
103, 217
103, 1114
103, 362
103, 511
103, 213
103, 141
103, 452
103, 464
103, 709
103, 727
103, 254
103, 616
103, 301
103, 1115
103, 328
103, 176
103, 550
103, 297
104, 588
104, 132
104, 298
104, 337
104, 674
104, 848
104, 829
104, 772
104, 622
104, 1105
104, 1131
104, 1124
104, 1111
104, 873
104, 161
104, 526
104, 739
104, 126
104, 596
104, 429
104, 1071
104, 61
104, 301
104, 585
104, 1118
104, 780
104, 147
104, 697
104, 1097
104, 185
104, 397
104, 372
104, 324
104, 1150
104, 206
104, 482
104, 202
104, 320
104, 621
104, 865
105, 468
105, 123
105, 1123
105, 307
105, 1163
105, 310
105, 442
105, 1059
105, 1108
105, 511
105, 309
105, 852
105, 1085
105, 691
105, 348
105, 362
105, 1089
105, 490
105, 1171
105, 257
105, 446
105, 330
105, 128
105, 730
105, 324
105, 278
105, 236
105, 495
105, 1037
105, 546
105, 46
105, 1142
105, 665
105, 1156
105, 222
105, 1193
105, 235
105, 1104
105, 265
105, 258
105, 403
105, 617
105, 373
105, 801
105, 710
106, 99
106, 332
106, 1159
106, 322
106, 140
106, 623
106, 424
106, 753
106, 376
106, 1126
106, 461
106, 44
106, 275
106, 228
106, 524
106, 308
106, 101
106, 782
106, 536
106, 161
106, 1132
106, 339
106, 1069
106, 70
106, 746
106, 343
106, 196
106, 267
106, 502
106, 416
106, 637
106, 274
106, 586
106, 328
106, 676
106, 263
106, 218
106, 164
106, 1085
106, 757
106, 306
106, 747
106, 554
106, 362
106, 1082
106, 241
106, 1085
107, 251
107, 1108
107, 595
107, 128
107, 75
107, 61
107, 1055
107, 622
107, 319
107, 191
107, 118
107, 1160
107, 1107
107, 644
107, 822
107, 1113
107, 139
107, 45
107, 739
107, 1023
107, 239
107, 219
107, 1109
107, 1076
107, 670
107, 367
107, 646
107, 225
107, 383
107, 89
107, 192
107, 1111
107, 150
107, 43
107, 417
107, 747
107, 114
107, 687
107, 1034
107, 269
107, 198
107, 452
107, 392
107, 1084
107, 1125
107, 457
107, 66
107, 1100
107, 368
107, 828
107, 1097
107, 309
108, 257
108, 538
108, 354
108, 436
108, 722
108, 1087
108, 875
108, 337
108, 395
108, 712
108, 261
108, 428
108, 1065
108, 854
108, 793
108, 297
108, 557
108, 1101
108, 1075
108, 55
108, 1124
108, 362
108, 251
108, 444
108, 64
108, 527
108, 701
108, 1116
108, 778
108, 164
108, 57
108, 1093
108, 489
108, 632
108, 375
108, 52
108, 698
108, 309
109, 332
109, 1182
109, 61
109, 348
109, 288
109, 173
109, 288
109, 1057
109, 112
109, 146
109, 175
109, 1131
109, 339
109, 1105
109, 1102
109, 331
109, 582
109, 54
109, 204
109, 1103
109, 373
109, 386
109, 339
109, 1132
109, 692
109, 205
109, 340
109, 206
109, 1111
109, 1103
109, 210
109, 731
109, 769
109, 1165
109, 429
109, 433
109, 286
109, 448
109, 739
109, 420
109, 1101
109, 528
110, 462
110, 468
110, 1115
110, 54
110, 103
110, 274
110, 334
110, 359
110, 1122
110, 1087
110, 567
110, 62
110, 1117
110, 730
110, 374
110, 167
110, 581
110, 1132
110, 70
110, 417
110, 43
110, 624
110, 561
110, 501
110, 1093
110, 79
110, 452
110, 1126
110, 1126
110, 368
110, 689
110, 383
110, 1001
110, 326
110, 545
110, 125
110, 619
110, 865
111, 174
111, 1096
111, 262
111, 973
111, 1122
111, 121
111, 435
111, 1156
111, 1065
111, 48
111, 136
111, 793
111, 426
111, 367
111, 671
111, 1118
111, 130
111, 607
111, 46
111, 1131
111, 44
111, 818
111, 1125
111, 248
111, 360
111, 60
111, 47
111, 1091
111, 159
111, 211
111, 309
111, 79
112, 660
112, 1144
112, 484
112, 741
112, 136
112, 274
112, 1062
112, 319
112, 50
112, 335
112, 1099
112, 598
112, 419
112, 256
112, 681
112, 476
112, 629
112, 364
112, 881
112, 1164
112, 354
112, 289
112, 436
112, 1164
112, 348
112, 43
112, 248
112, 87
112, 341
112, 1156
112, 232
112, 1086
112, 770
112, 477
112, 788
112, 1167
112, 628
112, 647
112, 703
112, 439
112, 796
112, 711
112, 269
112, 496
112, 793
112, 512
113, 291
113, 305
113, 399
113, 1102
113, 493
113, 1096
113, 133
113, 1175
113, 1070
113, 114
113, 656
113, 43
113, 450
113, 594
113, 685
113, 1154
113, 788
113, 90
113, 910
113, 1137
113, 183
113, 349
113, 328
113, 354
113, 568
113, 129
113, 68
113, 651
113, 878
113, 286
113, 123
113, 241
113, 186
113, 699
113, 195
113, 773
113, 970
113, 1122
113, 1123
113, 1095
113, 652
113, 689
113, 765
113, 168
113, 125
113, 387
113, 47
113, 388
114, 406
114, 210
114, 379
114, 1063
114, 1046
114, 187
114, 303
114, 161
114, 569
114, 48
114, 1098
114, 461
114, 369
114, 694
114, 319
114, 110
114, 174
114, 634
114, 228
114, 963
114, 155
114, 324
114, 617
114, 216
114, 377
114, 279
114, 44
114, 743
114, 473
114, 1072
114, 682
114, 326
114, 298
114, 283
114, 583
114, 122
114, 1098
115, 474
115, 81
115, 126
115, 198
115, 600
115, 62
115, 1140
115, 627
115, 1124
115, 1141
115, 311
115, 272
115, 372
115, 630
115, 186
115, 367
115, 1123
115, 441
115, 1093
115, 1164
115, 130
115, 317
115, 507
115, 598
115, 1085
115, 51
115, 66
115, 348
115, 1092
115, 373
115, 553
115, 294
115, 584
115, 1105
115, 144
115, 1109
115, 553
115, 78
116, 267
116, 142
116, 302
116, 53
116, 307
116, 265
116, 44
116, 1103
116, 777
116, 549
116, 1128
116, 1144
116, 1129
116, 421
116, 838
116, 394
116, 1072
116, 113
116, 371
116, 184
116, 1119
116, 248
116, 1055
116, 364
116, 613
116, 356
116, 421
116, 1082
116, 476
116, 1112
116, 416
116, 170
116, 354
116, 727
116, 603
116, 1064
116, 446
116, 280
116, 462
116, 1059
116, 154
116, 479
116, 419
116, 1115
117, 1091
117, 1127
117, 1106
117, 621
117, 500
117, 112
117, 590
117, 1124
117, 281
117, 665
117, 382
117, 117
117, 318
117, 729
117, 1118
117, 453
117, 1157
117, 48
117, 428
117, 573
117, 619
117, 596
117, 447
117, 451
117, 534
117, 1138
117, 130
117, 302
117, 355
117, 711
117, 411
117, 198
117, 46
117, 1138
117, 1061
117, 1092
117, 220
117, 50
117, 1088
117, 54
117, 304
117, 409
117, 551
117, 407
117, 179
117, 548
117, 377
117, 411
117, 189
117, 474
118, 1079
118, 408
118, 449
118, 1066
118, 464
118, 830
118, 708
118, 766
118, 741
118, 62
118, 402
118, 55
118, 905
118, 259
118, 173
118, 405
118, 634
118, 1130
118, 329
118, 329
118, 382
118, 357
118, 1119
118, 771
118, 282
118, 165
118, 57
118, 635
118, 735
118, 590
118, 479
118, 1091
118, 104
118, 1062
118, 45
118, 602
118, 335
118, 1066
118, 245
119, 175
119, 105
119, 235
119, 554
119, 370
119, 460
119, 285
119, 767
119, 1082
119, 52
119, 660
119, 566
119, 1030
119, 463
119, 259
119, 1054
119, 517
119, 68
119, 1066
119, 192
119, 1119
119, 668
119, 556
119, 1120
119, 1101
119, 305
119, 717
119, 1108
119, 1119
119, 466
119, 1183
119, 929
119, 1001
119, 567
120, 740
120, 104
120, 1185
120, 601
120, 343
120, 1120
120, 275
120, 101
120, 679
120, 548
120, 422
120, 231
120, 883
120, 379
120, 788
120, 298
120, 1497
120, 550
120, 401
120, 757
120, 695
120, 433
120, 1155
120, 681
120, 51
120, 223
120, 489
120, 1106
120, 519
120, 406
120, 512
121, 461
121, 572
121, 1114
121, 1107
121, 468
121, 1079
121, 1100
121, 371
121, 254
121, 428
121, 193
121, 95
121, 479
121, 736
121, 61
121, 194
121, 87
121, 440
121, 687
121, 421
121, 464
121, 1083
121, 841
121, 197
121, 463
121, 1168
121, 452
121, 310
121, 324
121, 399
121, 338
121, 106
121, 371
121, 511
121, 1065
121, 1136
121, 1170
121, 1078
121, 94
121, 1115
121, 99
121, 1120
121, 184
121, 711
121, 338
121, 106
121, 356
121, 328
121, 270
121, 304
122, 258
122, 1163
122, 344
122, 746
122, 249
122, 86
122, 450
122, 49
122, 49
122, 310
122, 198
122, 463
122, 242
122, 385
122, 458
122, 1079
122, 48
122, 93
122, 315
122, 396
122, 1076
122, 244
122, 1102
122, 1161
122, 454
122, 1095
122, 455
122, 325
122, 341
122, 113
122, 115
122, 1067
122, 68
122, 319
122, 1099
122, 722
122, 1078
122, 142
122, 113
122, 142
122, 1067
122, 1121
122, 431
122, 1188
122, 278
122, 496
122, 1098
122, 415
123, 46
123, 1136
123, 124
123, 1067
123, 728
123, 296
123, 631
123, 736
123, 473
123, 453
123, 906
123, 494
123, 966
123, 517
123, 1124
123, 693
123, 65
123, 133
123, 423
123, 620
123, 1056
123, 1106
123, 221
123, 680
123, 382
123, 162
123, 559
123, 270
123, 236
123, 129
123, 1155
123, 490
123, 132
123, 1118
123, 1124
123, 771
123, 546
123, 1159
123, 265
123, 669
123, 676
123, 310
123, 238
123, 1055
123, 97
123, 212
124, 279
124, 627
124, 649
124, 499
124, 327
124, 349
124, 488
124, 347
124, 348
124, 35
124, 744
124, 48
124, 1082
124, 538
124, 1118
124, 1112
124, 473
124, 831
124, 221
124, 1124
124, 46
124, 422
124, 803
124, 439
124, 1117
124, 137
124, 373
124, 485
124, 365
124, 894
124, 1083
124, 147
124, 146
124, 801
124, 1127
124, 575
124, 52
124, 51
124, 461
125, 300
125, 377
125, 70
125, 1079
125, 224
125, 1096
125, 668
125, 321
125, 394
125, 169
125, 397
125, 296
125, 874
125, 664
125, 1136
125, 427
125, 56
125, 303
125, 315
125, 1143
125, 1141
125, 560
125, 374
125, 230
125, 43
125, 654
125, 103
125, 325
125, 1067
125, 549
125, 722
125, 1040
125, 489
125, 591
125, 202
125, 220
125, 44
125, 42
125, 571
125, 613
125, 354
125, 1056
125, 317
125, 716
125, 346
125, 574
125, 48
125, 446
125, 1101
125, 359
125, 1073
125, 457
125, 1134
125, 249
126, 271
126, 1104
126, 769
126, 402
126, 678
126, 92
126, 533
126, 119
126, 605
126, 514
126, 1113
126, 1152
126, 206
126, 1136
126, 217
126, 95
126, 287
126, 199
126, 1140
126, 1128
126, 101
126, 573
126, 522
126, 1101
126, 260
126, 532
126, 398
126, 321
126, 606
126, 407
126, 776
126, 47
126, 187
126, 61
126, 49
126, 328
126, 347
126, 455
126, 112
126, 71
126, 850
126, 394
126, 447
126, 438
126, 1139
126, 367
126, 774
126, 353
127, 421
127, 413
127, 139
127, 1107
127, 1113
127, 595
127, 340
127, 1079
127, 722
127, 1099
127, 800
127, 278
127, 615
127, 339
127, 345
127, 614
127, 773
127, 52
127, 666
127, 347
127, 315
127, 484
127, 789
127, 1070
127, 109
127, 727
127, 675
127, 485
127, 372
127, 218
127, 364
127, 623
127, 1094
127, 127
127, 280
127, 710
127, 356
127, 1198
127, 1143
127, 62
127, 176
127, 1120
127, 422
127, 796
127, 1031
127, 271
127, 1071
128, 401
128, 276
128, 98
128, 569
128, 315
128, 388
128, 454
128, 331
128, 579
128, 1104
128, 614
128, 252
128, 289
128, 765
128, 43
128, 733
128, 298
128, 660
128, 401
128, 83
128, 464
128, 423
128, 301
128, 682
128, 681
128, 125
128, 184
128, 491
128, 754
128, 1118
128, 268
128, 1103
128, 1114
128, 327
128, 109
128, 400
128, 1096
128, 67
128, 170
128, 46
128, 335
128, 414
128, 328
128, 1112
128, 1076
128, 44
129, 417
129, 1167
129, 256
129, 298
129, 144
129, 823
129, 1101
129, 350
129, 829
129, 389
129, 247
129, 423
129, 377
129, 567
129, 1086
129, 66
129, 366
129, 1195
129, 484
129, 121
129, 1158
129, 236
129, 364
129, 650
129, 1055
129, 53
129, 677
129, 909
129, 1107
129, 281
129, 756
129, 812
129, 622
129, 1123
129, 487
129, 1113
129, 58
129, 344
129, 347
130, 1102
130, 378
130, 546
130, 1127
130, 303
130, 402
130, 65
130, 1087
130, 493
130, 371
130, 57
130, 1049
130, 1076
130, 319
130, 698
130, 1126
130, 367
130, 356
130, 286
130, 326
130, 401
130, 1134
130, 157
130, 674
130, 692
130, 659
130, 657
130, 511
130, 1179
130, 316
130, 170
130, 675
130, 282
130, 1104
130, 560
130, 246
130, 521
130, 59
130, 55
130, 187
130, 1091
130, 1083
131, 474
131, 694
131, 855
131, 156
131, 331
131, 785
131, 779
131, 446
131, 189
131, 392
131, 160
131, 51
131, 307
131, 436
131, 690
131, 518
131, 286
131, 43
131, 96
131, 1127
131, 414
131, 95
131, 243
131, 497
131, 1132
131, 686
131, 1150
131, 399
131, 350
131, 1114
131, 180
131, 69
131, 1095
131, 190
131, 374
131, 304
131, 339
131, 703
131, 147
131, 114
131, 63
131, 654
131, 757
132, 118
132, 1120
132, 426
132, 308
132, 530
132, 1083
132, 179
132, 60
132, 619
132, 613
132, 1122
132, 1102
132, 382
132, 419
132, 652
132, 784
132, 1053
132, 342
132, 321
132, 335
132, 704
132, 143
132, 151
132, 667
132, 601
132, 48
132, 104
132, 70
132, 1108
132, 78
132, 384
132, 834
132, 516
132, 329
132, 1044
132, 104
132, 391
132, 1087
133, 1113
133, 335
133, 367
133, 746
133, 981
133, 389
133, 410
133, 101
133, 1129
133, 682
133, 44
133, 1103
133, 308
133, 626
133, 644
133, 431
133, 709
133, 403
133, 223
133, 523
133, 110
133, 364
133, 807
133, 86
133, 320
133, 344
133, 503
133, 263
133, 371
133, 308
133, 367
133, 1021
133, 672
133, 1091
133, 1123
133, 536
133, 1023
133, 736
133, 79
133, 1128
133, 105
133, 1065
133, 191
133, 521
133, 87
134, 757
134, 1126
134, 357
134, 82
134, 554
134, 1116
134, 1154
134, 1058
134, 327
134, 678
134, 67
134, 319
134, 316
134, 83
134, 1131
134, 366
134, 334
134, 374
134, 261
134, 259
134, 241
134, 744
134, 254
134, 796
134, 1120
134, 1138
134, 699
134, 604
134, 1127
134, 298
134, 1060
134, 88
134, 916
135, 1121
135, 289
135, 157
135, 373
135, 259
135, 320
135, 374
135, 339
135, 365
135, 213
135, 47
135, 50
135, 764
135, 585
135, 1149
135, 875
135, 726
135, 484
135, 1074
135, 401
135, 1176
135, 47
135, 1169
135, 377
135, 359
135, 595
135, 1105
135, 1128
135, 1147
135, 748
135, 102
135, 149
135, 298
135, 1139
135, 440
135, 194
135, 286
135, 287
136, 383
136, 49
136, 132
136, 696
136, 635
136, 61
136, 381
136, 317
136, 95
136, 1083
136, 127
136, 1144
136, 48
136, 1083
136, 1110
136, 73
136, 1109
136, 109
136, 709
136, 205
136, 76
136, 469
136, 910
136, 1175
136, 298
136, 294
136, 225
136, 62
136, 353
136, 629
136, 877
136, 512
136, 436
136, 71
136, 559
136, 1060
136, 579
136, 1118
136, 377
136, 366
136, 1156
136, 1101
136, 1084
136, 1066
137, 401
137, 1096
137, 123
137, 302
137, 985
137, 46
137, 289
137, 252
137, 236
137, 1100
137, 316
137, 331
137, 600
137, 969
137, 213
137, 259
137, 466
137, 455
137, 500
137, 1130
137, 1066
137, 430
137, 482
137, 772
137, 785
137, 1116
137, 166
137, 322
137, 346
137, 474
137, 181
137, 742
137, 683
137, 552
137, 637
137, 404
137, 448
137, 446
137, 250
137, 523
138, 63
138, 805
138, 766
138, 647
138, 752
138, 193
138, 704
138, 265
138, 77
138, 635
138, 198
138, 77
138, 50
138, 1090
138, 779
138, 308
138, 800
138, 361
138, 464
138, 358
138, 1121
138, 259
138, 314
138, 338
138, 599
138, 1068
138, 1162
138, 136
138, 344
138, 226
138, 173
138, 401
138, 50
138, 475
138, 324
138, 989
138, 448
138, 376
138, 728
138, 1077
138, 248
138, 319
138, 1132
138, 251
138, 341
138, 45
138, 325
138, 1082
139, 734
139, 620
139, 218
139, 1090
139, 44
139, 178
139, 282
139, 448
139, 305
139, 955
139, 356
139, 1078
139, 163
139, 86
139, 909
139, 1134
139, 742
139, 846
139, 540
139, 79
139, 47
139, 734
139, 378
139, 540
139, 163
139, 288
139, 274
139, 358
139, 115
139, 931
139, 592
140, 1091
140, 1086
140, 136
140, 1143
140, 387
140, 114
140, 1063
140, 50
140, 571
140, 497
140, 68
140, 274
140, 270
140, 261
140, 456
140, 1109
140, 471
140, 790
140, 852
140, 459
140, 246
140, 1126
140, 581
140, 567
140, 594
140, 158
140, 398
140, 321
140, 308
140, 716
140, 420
140, 977
140, 420
140, 1086
140, 964
140, 767
140, 273
140, 1086
141, 649
141, 1114
141, 72
141, 266
141, 330
141, 1073
141, 101
141, 440
141, 254
141, 332
141, 48
141, 583
141, 486
141, 578
141, 174
141, 880
141, 257
141, 50
141, 1068
141, 98
141, 1181
141, 52
141, 366
141, 504
141, 304
141, 290
141, 1047
141, 300
141, 351
141, 332
141, 790
141, 70
141, 722
141, 89
141, 631
141, 587
142, 199
142, 1079
142, 583
142, 78
142, 640
142, 341
142, 713
142, 132
142, 244
142, 611
142, 939
142, 701
142, 1054
142, 1074
142, 254
142, 55
142, 196
142, 628
142, 1084
142, 425
142, 615
142, 220
142, 910
142, 610
142, 92
142, 43
142, 741
142, 625
142, 298
142, 244
142, 320
142, 195
142, 475
142, 280
142, 1076
142, 322
142, 413
142, 555
142, 362
143, 56
143, 471
143, 676
143, 127
143, 415
143, 1112
143, 274
143, 365
143, 1079
143, 525
143, 692
143, 43
143, 190
143, 1061
143, 481
143, 1083
143, 169
143, 639
143, 565
143, 177
143, 1165
143, 1155
143, 418
143, 198
143, 319
143, 434
143, 1112
143, 783
143, 378
143, 441
143, 404
143, 285
143, 846
144, 448
144, 1139
144, 1146
144, 1169
144, 1057
144, 346
144, 1092
144, 266
144, 776
144, 367
144, 778
144, 42
144, 736
144, 775
144, 1119
144, 132
144, 316
144, 74
144, 707
144, 947
144, 738
144, 1151
144, 435
144, 354
144, 672
144, 1088
144, 1157
144, 217
144, 247
144, 338
144, 769
144, 884
144, 742
144, 401
144, 749
144, 248
144, 680
144, 236
144, 1155
144, 128
144, 451
144, 329
144, 513
144, 1114
144, 512
144, 1066
144, 1169
144, 1188
144, 206
144, 274
144, 1184
145, 1110
145, 391
145, 616
145, 188
145, 392
145, 608
145, 484
145, 228
145, 1109
145, 361
145, 205
145, 323
145, 420
145, 561
145, 1072
145, 638
145, 1162
145, 102
145, 256
145, 356
145, 85
145, 786
145, 479
145, 529
145, 396
145, 118
145, 773
145, 829
145, 575
145, 133
145, 106
145, 324
145, 502
145, 50
145, 278
145, 403
145, 771
145, 968
145, 73
145, 1068
145, 166
145, 139
145, 409
145, 1107
146, 377
146, 368
146, 614
146, 985
146, 142
146, 249
146, 384
146, 63
146, 102
146, 740
146, 201
146, 1163
146, 1108
146, 131
146, 358
146, 183
146, 472
146, 1064
146, 704
146, 72
146, 296
146, 657
146, 591
146, 492
146, 341
146, 1133
146, 634
146, 683
146, 762
146, 340
146, 798
146, 1123
146, 223
146, 1148
146, 1157
146, 196
146, 1121
146, 377
146, 641
146, 257
146, 1064
146, 242
147, 286
147, 264
147, 1157
147, 243
147, 1111
147, 814
147, 501
147, 641
147, 355
147, 451
147, 679
147, 1139
147, 1147
147, 301
147, 306
147, 290
147, 400
147, 260
147, 479
147, 295
147, 1124
147, 251
147, 856
147, 52
147, 726
147, 456
147, 451
147, 44
147, 265
147, 1067
147, 120
147, 223
147, 1066
147, 1130
147, 236
147, 60
147, 1092
147, 224
147, 324
148, 1004
148, 427
148, 458
148, 1149
148, 139
148, 326
148, 143
148, 1075
148, 333
148, 211
148, 57
148, 207
148, 262
148, 584
148, 653
148, 722
148, 66
148, 488
148, 495
148, 783
148, 823
148, 122
148, 1132
148, 108
148, 116
148, 1141
148, 311
148, 1044
148, 638
148, 252
148, 1107
148, 1029
148, 360
148, 211
148, 198
148, 382
148, 637
148, 381
148, 1106
148, 685
148, 1105
148, 1085
148, 328
148, 350
148, 345
148, 97
148, 287
148, 251
148, 226
148, 729
148, 394
148, 891
149, 358
149, 1087
149, 652
149, 820
149, 840
149, 336
149, 335
149, 506
149, 644
149, 458
149, 403
149, 238
149, 156
149, 325
149, 437
149, 283
149, 151
149, 106
149, 226
149, 805
149, 988
149, 152
149, 291
149, 87
149, 242
149, 62
149, 573
149, 405
149, 658
149, 354
149, 1084
149, 227
149, 563
149, 81
149, 158
149, 1097
149, 51
149, 1133
149, 1085
149, 1152
150, 100
150, 1215
150, 1035
150, 483
150, 680
150, 1092
150, 219
150, 728
150, 253
150, 887
150, 677
150, 1112
150, 630
150, 361
150, 855
150, 50
150, 47
150, 371
150, 1137
150, 1130
150, 668
150, 53
150, 86
150, 469
150, 344
150, 276
150, 74
150, 1110
150, 1350
150, 1130
150, 56
150, 669
150, 1111
150, 646
150, 607
150, 620
150, 115
150, 108
151, 732
151, 1105
151, 969
151, 630
151, 1175
151, 753
151, 154
151, 1123
151, 128
151, 600
151, 723
151, 746
151, 501
151, 407
151, 1088
151, 52
151, 664
151, 281
151, 120
151, 627
151, 246
151, 218
151, 367
151, 333
151, 282
151, 1102
151, 210
151, 164
151, 619
151, 689
151, 327
151, 620
151, 1058
151, 1119
151, 317
151, 1034
151, 60
151, 506
151, 443
151, 717
151, 526
151, 383
151, 745
151, 124
151, 261
151, 1100
151, 373
151, 780
151, 972
151, 636
151, 230
151, 1116
151, 713
152, 920
152, 88
152, 651
152, 782
152, 109
152, 1164
152, 1140
152, 712
152, 512
152, 461
152, 307
152, 54
152, 332
152, 732
152, 697
152, 217
152, 286
152, 694
152, 832
152, 108
152, 667
152, 1185
152, 155
152, 750
152, 1088
152, 74
152, 553
152, 687
152, 1088
152, 54
152, 118
152, 580
152, 221
152, 586
152, 346
152, 347
152, 329
152, 280
152, 356
152, 275
152, 233
152, 477
152, 310
152, 505
152, 1151
152, 671
153, 667
153, 598
153, 517
153, 273
153, 101
153, 1137
153, 364
153, 613
153, 192
153, 306
153, 379
153, 356
153, 1070
153, 265
153, 1114
153, 380
153, 170
153, 1090
153, 1118
153, 627
153, 728
153, 1143
153, 686
153, 792
153, 1113
153, 167
153, 51
153, 111
153, 432
153, 1088
153, 478
153, 128
153, 200
153, 466
153, 173
153, 748
153, 150
153, 384
153, 171
153, 677
153, 1180
153, 301
153, 1078
154, 328
154, 313
154, 351
154, 586
154, 483
154, 691
154, 448
154, 357
154, 340
154, 481
154, 618
154, 761
154, 252
154, 663
154, 98
154, 1109
154, 43
154, 326
154, 141
154, 150
154, 1079
154, 543
154, 464
154, 694
154, 398
154, 1057
154, 446
154, 258
154, 1089
154, 51
154, 226
154, 451
154, 1134
154, 1058
154, 759
155, 379
155, 756
155, 291
155, 106
155, 148
155, 288
155, 558
155, 297
155, 1078
155, 1089
155, 336
155, 559
155, 1119
155, 62
155, 590
155, 58
155, 663
155, 444
155, 277
155, 825
155, 197
155, 437
155, 338
155, 1106
155, 521
155, 221
155, 254
155, 1133
155, 1104
155, 88
155, 128
155, 803
155, 994
155, 182
155, 397
155, 1102
155, 324
155, 216
155, 196
155, 1085
155, 240
155, 104
155, 260
156, 1100
156, 1125
156, 1070
156, 310
156, 320
156, 774
156, 762
156, 338
156, 66
156, 493
156, 423
156, 1101
156, 373
156, 1056
156, 113
156, 627
156, 494
156, 538
156, 48
156, 378
156, 1126
156, 465
156, 47
156, 351
156, 191
156, 775
156, 1098
156, 45
156, 367
156, 599
156, 261
156, 716
156, 396
156, 522
156, 1110
156, 1162
156, 225
156, 1034
156, 1134
156, 452
156, 712
156, 237
156, 466
156, 719
157, 1129
157, 1118
157, 446
157, 738
157, 1139
157, 1064
157, 470
157, 140
157, 179
157, 208
157, 175
157, 1063
157, 683
157, 653
157, 367
157, 132
157, 145
157, 842
157, 349
157, 262
157, 1090
157, 220
157, 559
157, 45
157, 328
157, 1169
157, 799
157, 411
157, 98
157, 351
157, 461
157, 136
157, 221
157, 171
157, 46
157, 767
157, 1188
157, 286
157, 545
157, 785
158, 1076
158, 555
158, 314
158, 306
158, 882
158, 324
158, 769
158, 447
158, 359
158, 590
158, 368
158, 763
158, 78
158, 373
158, 602
158, 306
158, 994
158, 259
158, 147
158, 537
158, 566
158, 195
158, 108
158, 192
158, 953
158, 377
158, 747
158, 87
158, 1128
158, 60
158, 136
158, 55
158, 128
158, 1121
158, 1159
158, 516
158, 558
158, 77
158, 1111
158, 1097
158, 629
159, 111
159, 50
159, 1069
159, 197
159, 163
159, 52
159, 1068
159, 50
159, 382
159, 708
159, 1048
159, 159
159, 28
159, 160
159, 83
159, 1106
159, 434
159, 582
159, 485
159, 334
159, 53
159, 182
159, 1146
159, 1107
159, 482
159, 314
159, 721
159, 221
159, 239
159, 268
159, 1057
159, 368
159, 134
159, 270
159, 735
159, 367
159, 227
159, 661
159, 463
159, 79
159, 48
159, 254
159, 522
159, 297
159, 540
159, 130
159, 412
159, 44
160, 514
160, 385
160, 146
160, 105
160, 482
160, 263
160, 506
160, 680
160, 54
160, 141
160, 1106
160, 355
160, 447
160, 1113
160, 1083
160, 190
160, 198
160, 447
160, 493
160, 827
160, 1065
160, 1035
160, 1109
160, 307
160, 56
160, 99
160, 81
160, 214
160, 383
160, 1132
160, 301
160, 45
160, 745
160, 763
160, 140
160, 602
160, 412
160, 1077
160, 169
160, 1137
160, 575
160, 367
160, 76
160, 1147
160, 145
161, 156
161, 748
161, 456
161, 741
161, 47
161, 713
161, 1109
161, 592
161, 1138
161, 1121
161, 196
161, 603
161, 620
161, 255
161, 723
161, 768
161, 331
161, 707
161, 782
161, 671
161, 1117
161, 49
161, 345
161, 277
161, 153
161, 251
161, 213
161, 1031
161, 1156
161, 1095
161, 268
161, 328
161, 290
161, 593
161, 421
161, 1041
161, 1093
161, 60
161, 528
161, 1030
161, 1131
162, 1092
162, 278
162, 720
162, 438
162, 573
162, 57
162, 215
162, 285
162, 575
162, 205
162, 285
162, 315
162, 558
162, 669
162, 830
162, 627
162, 358
162, 136
162, 213
162, 1077
162, 324
162, 1088
162, 702
162, 777
162, 496
162, 496
162, 933
162, 664
162, 64
162, 1112
162, 1042
162, 1123
162, 602
162, 1112
162, 121
162, 319
162, 365
162, 25
162, 953
162, 706
162, 419
163, 76
163, 1112
163, 639
163, 1069
163, 348
163, 74
163, 558
163, 662
163, 434
163, 550
163, 155
163, 161
163, 246
163, 1144
163, 588
163, 1139
163, 195
163, 1102
163, 181
163, 473
163, 1039
163, 353
163, 1103
163, 335
163, 691
163, 1049
163, 1091
163, 848
163, 1063
163, 631
163, 236
163, 134
163, 509
163, 503
163, 793
163, 53
163, 351
163, 351
163, 1085
163, 619
163, 569
164, 1118
164, 722
164, 1082
164, 568
164, 1006
164, 301
164, 48
164, 191
164, 781
164, 1098
164, 1073
164, 1061
164, 852
164, 126
164, 809
164, 782
164, 439
164, 1081
164, 268
164, 1067
164, 471
164, 757
164, 1127
164, 329
164, 797
164, 339
164, 550
164, 671
164, 1158
164, 611
164, 70
164, 791
164, 529
164, 511
164, 46
164, 233
164, 114
164, 1131
164, 117
164, 1076
164, 545
165, 875
165, 1185
165, 275
165, 381
165, 489
165, 48
165, 688
165, 1212
165, 1097
165, 734
165, 1144
165, 1064
165, 561
165, 42
165, 339
165, 1173
165, 701
165, 1114
165, 1149
165, 134
165, 895
165, 113
165, 730
165, 600
165, 1160
165, 573
165, 384
165, 1150
165, 1151
165, 46
165, 802
165, 684
166, 1093
166, 354
166, 509
166, 1158
166, 349
166, 212
166, 291
166, 620
166, 286
166, 492
166, 373
166, 100
166, 48
166, 765
166, 377
166, 642
166, 178
166, 48
166, 1091
166, 352
166, 1121
166, 298
166, 278
166, 935
166, 61
166, 791
166, 464
166, 113
166, 44
166, 313
166, 47
166, 770
166, 519
166, 821
166, 409
166, 100
166, 351
166, 535
166, 390
166, 201
166, 54
166, 1120
166, 207
166, 356
166, 1103
166, 335
166, 665
166, 272
166, 220
166, 454
166, 115
166, 524
166, 520
166, 375
166, 667
166, 56
166, 762
167, 212
167, 1120
167, 430
167, 62
167, 379
167, 233
167, 51
167, 302
167, 1184
167, 357
167, 260
167, 1098
167, 327
167, 1047
167, 463
167, 269
167, 1122
167, 152
167, 168
167, 374
167, 781
167, 378
167, 29
167, 1097
167, 177
167, 1115
167, 870
167, 388
167, 629
167, 291
167, 56
167, 1071
167, 59
167, 339
167, 1163
167, 413
167, 270
167, 641
167, 267
167, 1149
167, 131
167, 1078
167, 244
167, 418
167, 73
167, 790
167, 121
168, 1118
168, 306
168, 586
168, 44
168, 168
168, 78
168, 376
168, 321
168, 563
168, 1068
168, 1118
168, 293
168, 234
168, 99
168, 1133
168, 1085
168, 1095
168, 335
168, 182
168, 1096
168, 484
168, 627
168, 306
168, 1077
168, 113
168, 260
168, 700
168, 1123
168, 1078
168, 50
168, 43
168, 325
168, 452
168, 211
168, 342
168, 738
168, 1111
168, 557
168, 158
168, 988
169, 384
169, 235
169, 1133
169, 1071
169, 402
169, 343
169, 194
169, 599
169, 1169
169, 543
169, 1131
169, 108
169, 1086
169, 1075
169, 1129
169, 341
169, 398
169, 430
169, 244
169, 355
169, 597
169, 1113
169, 640
169, 429
169, 357
169, 348
169, 249
169, 206
169, 1035
169, 338
169, 1125
169, 46
169, 717
169, 1066
169, 719
169, 440
169, 213
169, 215
169, 512
169, 1079
170, 782
170, 828
170, 1086
170, 52
170, 178
170, 45
170, 213
170, 677
170, 1089
170, 983
170, 1155
170, 81
170, 1162
170, 50
170, 1062
170, 1082
170, 466
170, 195
170, 1122
170, 488
170, 267
170, 221
170, 313
170, 746
170, 376
170, 303
170, 622
170, 1172
170, 242
170, 1168
170, 1135
170, 193
170, 663
170, 289
170, 370
170, 893
170, 363
170, 1110
170, 1083
170, 535
170, 274
170, 161
170, 367
170, 1085
171, 425
171, 186
171, 583
171, 1152
171, 103
171, 186
171, 315
171, 48
171, 186
171, 97
171, 86
171, 225
171, 1105
171, 267
171, 246
171, 165
171, 1202
171, 1094
171, 1127
171, 1117
171, 793
171, 222
171, 593
171, 1102
171, 336
171, 1063
171, 266
171, 46
171, 773
171, 1127
171, 1150
171, 199
171, 56
171, 260
171, 355
171, 1059
171, 296
171, 1048
171, 477
171, 310
171, 76
171, 413
171, 122
171, 49
171, 188
171, 936
171, 616
172, 774
172, 1138
172, 296
172, 491
172, 452
172, 337
172, 286
172, 248
172, 399
172, 114
172, 248
172, 352
172, 497
172, 353
172, 179
172, 270
172, 1156
172, 445
172, 246
172, 1149
172, 85
172, 1079
172, 84
172, 1129
172, 660
172, 223
172, 600
172, 356
172, 746
172, 503
172, 608
172, 406
172, 48
172, 216
172, 409
172, 1097
172, 375
172, 323
172, 49
172, 140
172, 48
172, 49
172, 441
172, 1136
172, 1168
172, 203
172, 273
172, 1130
172, 729
172, 731
173, 1094
173, 776
173, 219
173, 323
173, 409
173, 374
173, 1102
173, 317
173, 181
173, 443
173, 299
173, 310
173, 1156
173, 1144
173, 173
173, 473
173, 1132
173, 387
173, 324
173, 755
173, 373
173, 630
173, 522
173, 375
173, 147
173, 501
173, 102
173, 566
173, 492
173, 1115
174, 42
174, 1578
174, 754
174, 1111
174, 433
174, 1118
174, 406
174, 819
174, 1026
174, 533
174, 1084
174, 412
174, 1089
174, 773
174, 80
174, 407
174, 164
174, 1128
174, 1086
174, 100
174, 294
174, 545
174, 106
174, 703
174, 322
174, 1109
174, 363
174, 704
174, 363
174, 47
174, 368
174, 614
174, 702
174, 92
174, 524
174, 97
174, 1074
174, 325
174, 63
174, 1149
174, 74
175, 347
175, 1126
175, 319
175, 375
175, 451
175, 540
175, 163
175, 631
175, 228
175, 159
175, 770
175, 218
175, 1114
175, 497
175, 1101
175, 472
175, 495
175, 238
175, 49
175, 1163
175, 425
175, 1096
175, 1082
175, 360
175, 1045
175, 752
175, 510
175, 437
175, 1041
175, 270
175, 1084
175, 281
175, 132
175, 323
175, 207
175, 315
175, 595
175, 1085
175, 234
175, 720
175, 1059
175, 772
175, 568
175, 266
175, 770
175, 653
176, 287
176, 49
176, 581
176, 1080
176, 137
176, 471
176, 732
176, 622
176, 1106
176, 1140
176, 646
176, 838
176, 733
176, 533
176, 545
176, 654
176, 466
176, 290
176, 962
176, 1168
176, 1108
176, 460
176, 482
176, 387
176, 752
176, 266
176, 1095
176, 1143
176, 349
176, 596
176, 756
176, 1134
177, 1045
177, 673
177, 485
177, 493
177, 292
177, 315
177, 149
177, 288
177, 250
177, 583
177, 384
177, 72
177, 585
177, 368
177, 1133
177, 1114
177, 1125
177, 1122
177, 352
177, 501
177, 386
177, 445
177, 527
177, 146
177, 117
177, 219
177, 334
177, 798
177, 1080
177, 1128
177, 375
177, 181
177, 438
177, 1118
177, 811
177, 52
177, 232
177, 340
177, 510
177, 704
177, 736
177, 308
177, 281
178, 370
178, 108
178, 294
178, 447
178, 549
178, 242
178, 539
178, 1093
178, 432
178, 158
178, 267
178, 166
178, 693
178, 1105
178, 581
178, 671
178, 381
178, 619
178, 1090
178, 137
178, 226
178, 1071
178, 1071
178, 401
178, 499
178, 374
178, 463
178, 139
178, 358
178, 48
178, 1127
178, 215
178, 71
178, 175
178, 554
178, 589
178, 450
178, 224
178, 176
179, 222
179, 52
179, 48
179, 591
179, 1216
179, 1070
179, 731
179, 704
179, 1096
179, 36
179, 317
179, 1141
179, 1080
179, 1149
179, 289
179, 232
179, 1137
179, 827
179, 779
179, 380
179, 399
179, 1162
179, 1086
179, 258
179, 1111
179, 158
179, 801
179, 1173
179, 786
179, 301
179, 1145
179, 711
