5.00,0
5.69,0
6.38,0
7.06,0
7.73,0
8.41,0
9.08,0
9.74,0
10.40,0
11.06,0
11.71,0
12.36,0
13.01,0
13.65,0
14.29,0
14.92,0
15.55,0
16.18,0
16.81,0
17.43,0
18.04,0
18.66,0
19.27,0
19.88,0
20.48,0
21.08,0
21.68,0
22.27,0
22.86,0
23.45,0
24.04,0
24.62,0
25.20,0
25.78,0
26.35,0
26.92,0
27.49,0
28.06,0
28.62,0
29.18,0
29.74,0
30.30,0.82933057
30.85,0.791038965
31.41,0.755441644
31.95,0.72231178
32.50,0.69221745
33.05,0.66281043
33.59,0.637103514
34.13,0.612137845
34.67,0.589509955
35.21,0.567941557
35.74,0.548406658
36.27,0.530077444
36.80,0.51290926
37.33,0.4970455
37.86,0.4819723
38.39,0.468263476
38.91,0.455293844
39.43,0.443654933
39.95,0.432294545
40.47,0.422219795
40.99,0.412281815
41.50,0.4037424
42.02,0.395102744
42.53,0.387673166
43.04,0.380318504
43.55,0.373844105
44.06,0.36746831
44.57,0.361832045
45.08,0.35631082
45.59,0.351407935
46.09,0.346713964
46.59,0.342533764
47.10,0.33837868
47.60,0.33474208
48.10,0.33119924
48.60,0.32803144
49.10,0.32494395
49.60,0.3221777
50.10,0.31947961
50.60,0.31705416
51.09,0.314728726
51.59,0.312589426
52.09,0.310492732
52.58,0.308628184
53.08,0.306756648
53.57,0.305082367
54.07,0.303398221
54.56,0.301894068
55.06,0.300378862
55.55,0.299035135
56.05,0.297679445
56.54,0.296487226
57.03,0.29530377
57.53,0.29423327
58.02,0.293189702
58.52,0.292257252
59.01,0.291346064
59.50,0.2905603
60.00,0.2897585
60.49,0.289093815
60.99,0.288415565
61.49,0.287852122
61.98,0.287302244
62.48,0.286847608
62.98,0.286397408
63.47,0.286055053
63.97,0.285710003
64.47,0.285458718
64.97,0.285213418
65.47,0.285057089
65.97,0.284906439
66.48,0.284838984
66.98,0.284778134
67.48,0.28479922
67.99,0.28482421
68.50,0.28493025
69.00,0.2850358
69.51,0.285222052
70.02,0.285411232
70.53,0.285672148
71.05,0.28594515
71.56,0.28627716
72.08,0.286626272
72.59,0.287025806
73.11,0.287447056
73.63,0.287920048
74.15,0.288411055
74.67,0.288946499
75.20,0.2895151
75.72,0.29010998
76.25,0.2907435
76.78,0.291407484
77.31,0.292103615
77.85,0.292836125
78.38,0.293592652
78.87,0.294305798
79.43,0.295161285
80.00,0.2960445
80.56,0.296962508
81.13,0.297908024
81.69,0.298873912
82.26,0.299878264
82.82,0.300889848
83.39,0.301949838
83.95,0.30300499
84.52,0.304117568
85.08,0.305219928
85.65,0.306376515
86.21,0.307527007
86.78,0.308722126
87.34,0.30991814
87.91,0.31114991
88.47,0.312388928
89.04,0.31365804
89.61,0.31495821
90.17,0.316245073
90.74,0.317577106
91.30,0.31890179
91.87,0.320264261
92.44,0.321649084
93.00,0.3230161
93.57,0.324435172
94.13,0.32583538
94.70,0.3272809
95.27,0.328738597
95.83,0.330184013
96.40,0.33167296
96.97,0.333169438
97.53,0.334662664
98.10,0.33618814
98.67,0.337733638
99.23,0.339261613
99.80,0.34083088
100.37,0.342415354
100.94,0.344008048
101.50,0.34559285
102.07,0.347211166
102.64,0.348849232
103.21,0.350495425
103.77,0.352126425
104.34,0.353799436
104.91,0.355481164
105.48,0.357180796
106.04,0.358855368
106.61,0.360579162
107.18,0.362309418
107.75,0.364053675
108.32,0.365809196
108.88,0.367542564
109.45,0.369322365
110.02,0.371106974
110.59,0.372910283
111.16,0.374718888
111.73,0.376541064
112.29,0.378340755
112.86,0.38018157
113.43,0.382036145
114.00,0.3838952
114.57,0.385772153
115.14,0.387653418
115.71,0.389547927
116.28,0.39145092
116.85,0.3933627
117.41,0.395253076
117.98,0.397181728
118.55,0.39912644
119.12,0.401075156
119.69,0.403036697
120.26,0.405005544
120.83,0.406983102
121.40,0.4089717
121.97,0.41096499
122.54,0.41297286
123.11,0.414984455
123.68,0.41700824
124.25,0.41903855
124.82,0.421077212
125.39,0.423125858
125.96,0.425179112
126.53,0.427245669
127.10,0.42931568
127.67,0.431397206
128.24,0.433484588
128.81,0.435580022
129.38,0.437684424
129.96,0.439830308
130.53,0.441951596
131.10,0.4440761
131.67,0.44621132
132.24,0.448351964
132.81,0.450500066
133.38,0.452656528
133.95,0.45481717
134.52,0.456989096
135.10,0.45920235
135.67,0.461387445
136.24,0.46357758
136.81,0.465774645
137.38,0.467979462
137.95,0.470188155
138.53,0.472446303
139.10,0.47466849
139.67,0.476899983
140.24,0.479136132
140.81,0.481378683
141.39,0.483668026
141.96,0.485921464
142.53,0.488184813
143.10,0.49045075
143.67,0.492725335
144.25,0.49504435
144.82,0.497329252
145.39,0.499621057
145.97,0.501956311
146.54,0.504260698
147.11,0.506567499
147.68,0.508882212
148.26,0.511241876
148.83,0.513566108
149.40,0.51589698
149.98,0.518271616
150.55,0.520614165
151.12,0.522958956
151.70,0.52535221
152.27,0.527708413
152.84,0.530069296
153.42,0.532478066
153.99,0.534847727
154.56,0.537225788
155.14,0.539647808
155.71,0.542034512
156.29,0.544467293
156.86,0.546862262
157.43,0.54926338
158.01,0.5517088
158.58,0.5541199
159.16,0.556575508
159.73,0.558994474
160.31,0.561460094
160.88,0.563886812
161.46,0.566362222
162.03,0.568796911
162.61,0.571281457
163.18,0.57372547
163.76,0.57621744
164.33,0.578670636
164.91,0.581169972
165.48,0.58363212
166.06,0.586139328
166.63,0.588609594
167.21,0.591126117
167.78,0.593604306
168.36,0.596132092
168.93,0.598619971
169.51,0.601161544
170.08,0.603662476
170.66,0.606218652
171.24,0.608780948
171.81,0.611307587
172.39,0.613889434
172.96,0.616431976
173.54,0.619035648
174.12,0.621644516
174.69,0.624223367
175.27,0.626856992
175.84,0.629455964
176.42,0.632116324
177.00,0.6347827
177.57,0.63742579
178.15,0.640121535
178.73,0.642835297
179.30,0.64551541
179.88,0.648254576
180.46,0.651014856
181.03,0.653734386
181.61,0.656527782
182.19,0.659330583
182.77,0.662152689
183.34,0.664943546
183.92,0.667795348
184.50,0.6706736
185.08,0.673560436
185.65,0.67642423
186.23,0.679351146
186.81,0.682297662
187.39,0.685266564
187.96,0.688194996
188.54,0.691206556
189.12,0.694227692
189.70,0.69727652
190.28,0.700342596
190.85,0.70337397
191.43,0.706485444
192.01,0.709606948
192.59,0.712764932
193.17,0.715933983
193.75,0.719129725
194.33,0.722347313
194.90,0.72552569
195.48,0.728792084
196.06,0.73206929
196.64,0.73538196
197.22,0.738709876
197.80,0.74206274
198.38,0.745442204
198.96,0.748835668
199.54,0.752267526
200.11,0.755650907
200.69,0.759127253
201.27,0.762623228
201.85,0.76614174
202.43,0.769691771
203.01,0.77325354
203.59,0.77685766
204.17,0.780474496
204.75,0.784122
205.33,0.787794419
205.91,0.791485713
206.49,0.795214345
207.07,0.798955204
207.65,0.80273518
208.23,0.806532935
208.81,0.810357745
209.39,0.814212936
209.97,0.818082928
210.55,0.82199604
211.13,0.825921761
211.72,0.829951284
212.30,0.83393627
212.88,0.837943432
213.46,0.841987348
214.04,0.846044056
214.62,0.850144018
215.20,0.85426008
215.78,0.858406732
216.36,0.862582544
216.94,0.866776176
217.53,0.871085148
218.11,0.875334852
218.69,0.879622908
219.27,0.883933077
219.85,0.888268635
220.43,0.892639496
221.02,0.897099892
221.60,0.90153086
222.18,0.905976714
222.76,0.910455648
223.34,0.914962734
223.93,0.919567743
224.51,0.924137082
225.09,0.928719726
225.67,0.933343138
226.26,0.938067974
226.84,0.942739816
227.42,0.947446728
228.00,0.952167
228.59,0.957018039
229.17,0.96180112
229.75,0.9666186
230.33,0.971463734
230.92,0.976413716
231.50,0.98132185
232.08,0.986243432
232.67,0.991292593
233.25,0.996277225
233.83,1.001289643
234.42,1.006423846
235.00,1.0114851
235.58,1.016595248
236.17,1.021807816
236.75,1.0269668
237.33,1.032153603
237.92,1.037451272
238.50,1.0427013
239.09,1.048056284
239.67,1.053361892
240.25,1.058688575
240.84,1.064135396
241.42,1.069525304
242.01,1.075022703
242.59,1.080474877
243.18,1.08603621
243.76,1.09153722
244.34,1.09706679
244.93,1.102712205
245.51,1.108304826
246.10,1.11400825
246.68,1.11965542
247.27,1.125422581
247.85,1.131118355
248.44,1.136949248
249.02,1.142695356
249.61,1.148588158
250.19,1.154396947
250.78,1.160339014
251.36,1.166210428
251.95,1.17220176
252.54,1.178238074
253.12,1.184186156
253.71,1.190275723
254.29,1.196286176
254.88,1.202424772
255.46,1.208497412
256.05,1.214689005
256.64,1.220925364
257.22,1.227074172
257.81,1.233359206
258.39,1.239569889
258.98,1.245903598
259.57,1.252284218
260.15,1.25857064
260.74,1.265001404
261.33,1.271459162
261.91,1.277828374
262.50,1.2843483
263.09,1.290882932
263.67,1.297346916
264.26,1.303943512
264.85,1.31056697
265.43,1.317113082
266.02,1.323786068
266.61,1.330505224
267.20,1.33724054
267.78,1.343892676
268.37,1.350689289
268.96,1.357503612
269.55,1.36436221
270.13,1.371118152
270.72,1.378027288
271.31,1.384961162
271.90,1.39191738
272.48,1.398794
273.07,1.405802865
273.66,1.41285307
274.25,1.4199231
274.84,1.427020092
275.42,1.434030018
276.01,1.441174467
276.60,1.44836462
277.19,1.455569688
277.78,1.462806156
278.37,1.470071632
278.95,1.47723092
279.54,1.484555818
280.13,1.491894748
280.72,1.499269512
281.31,1.506668332
281.90,1.51408888
282.49,1.521547305
283.08,1.529019636
283.67,1.536531339
284.25,1.543934925
284.84,1.55149194
285.43,1.559081936
286.02,1.56668573
286.61,1.574333015
287.20,1.58199552
287.79,1.589687704
288.38,1.59740873
288.97,1.605145695
289.56,1.612924996
290.15,1.62071786
290.74,1.628543856
291.33,1.636394635
291.92,1.64426494
292.51,1.652173342
293.10,1.66009518
293.69,1.668053572
294.28,1.676032824
294.87,1.684035171
295.46,1.692071604
296.05,1.700121385
296.64,1.708211288
297.23,1.716318326
297.83,1.724590046
298.42,1.732754984
299.01,1.740933242
299.60,1.74915442
300.19,1.757389715
300.78,1.76565473
301.37,1.773947125
301.96,1.7822558
302.55,1.79060512
303.15,1.799110045
303.74,1.807505922
304.33,1.81592612
304.92,1.82436548
305.51,1.832842478
306.10,1.84133274
306.70,1.85000358
307.29,1.85855125
307.88,1.867121
308.47,1.875725248
309.06,1.884342708
309.66,1.893145788
310.25,1.90182045
310.84,1.91052
311.43,1.91925094
312.02,1.927995024
312.62,1.936929744
313.21,1.945730861
313.80,1.95455968
314.39,1.963416852
314.99,1.972438932
315.58,1.98135281
316.17,1.99027974
316.77,1.99938894
317.36,2.008372456
317.95,2.01737267
318.55,2.026565085
319.14,2.035617946
319.73,2.044703297
320.33,2.05396643
320.92,2.06309432
321.51,2.072258828
322.11,2.081592406
322.70,2.09080502
323.29,2.100038369
323.89,2.109450029
324.48,2.118739196
325.07,2.128041223
325.67,2.137538563
326.26,2.146896074
326.86,2.156436014
327.45,2.16584904
328.05,2.17543529
328.64,2.184899952
329.23,2.194380898
329.83,2.204048458
330.42,2.21358446
331.02,2.223295668
331.61,2.232885174
332.21,2.242651956
332.80,2.25228288
333.40,2.26210504
333.99,2.271777264
334.59,2.281654724
335.18,2.29138074
335.78,2.30130054
336.37,2.311080799
336.97,2.321042419
337.56,2.330876876
338.16,2.340891192
338.75,2.3507685
339.35,2.360837335
339.94,2.370755294
340.54,2.38087856
341.14,2.391015564
341.73,2.401014648
342.33,2.41120578
342.92,2.42124522
343.52,2.431490336
344.12,2.441749088
344.71,2.451869004
345.31,2.462181493
345.90,2.47234147
346.50,2.48270755
347.10,2.49308714
347.69,2.503326826
348.29,2.513759641
348.89,2.524213381
349.48,2.534525148
350.08,2.545024552
350.68,2.555558692
351.27,2.565935299
351.87,2.576509519
352.47,2.587115041
353.06,2.597556296
353.66,2.608210256
354.26,2.618881454
354.86,2.629575194
355.45,2.64012045
356.05,2.65085713
356.65,2.66162989
357.25,2.672419075
357.84,2.683051052
358.44,2.69389192
359.04,2.70474584
359.64,2.71563644
360.23,2.726360434
360.83,2.737289914
361.43,2.748247301
362.03,2.759217659
362.63,2.770224839
363.22,2.781062734
363.82,2.792108554
364.42,2.803181296
365.02,2.814266858
365.62,2.825389598
366.22,2.836526396
366.82,2.847687476
367.41,2.858688614
368.01,2.869888486
368.61,2.881125646
369.21,2.892376141
369.81,2.903651401
370.41,2.91495245
371.01,2.926266077
371.61,2.937616697
372.21,2.948980463
372.81,2.960368643
373.40,2.97159198
374.00,2.9830176
374.60,2.99448054
375.20,3.00595586
375.80,3.01745594
376.40,3.02898078
377.00,3.040518
377.60,3.05209224
378.20,3.06367868
378.80,3.07528952
379.40,3.08692496
380.00,3.0985727
380.60,3.11025692
381.20,3.1219533
381.80,3.133674
382.40,3.14541894
383.00,3.157176
383.60,3.1689693
384.20,3.1807746
384.81,3.192801055
385.41,3.204654914
386.01,3.216520753
386.61,3.228421933
387.21,3.240335587
387.81,3.252272407
388.41,3.26423354
389.01,3.276206532
389.61,3.288214452
390.21,3.300234762
390.82,3.312478804
391.42,3.324546736
392.02,3.336626384
392.62,3.348739904
393.22,3.360866316
393.82,3.373014996
394.42,3.385187994
395.03,3.397576208
395.63,3.409794368
396.23,3.422025822
396.83,3.434278662
397.43,3.446556141
398.04,3.459050444
398.64,3.471372104
399.24,3.483707444
399.84,3.496063304
400.44,3.508444288
401.05,3.52104373
401.65,3.53346769
402.25,3.5459058
402.85,3.55836372
403.46,3.571055124
404.06,3.58355013
404.66,3.59607543
405.27,3.608824605
405.87,3.621383505
406.47,3.63396849
407.08,3.646775016
407.68,3.659400636
408.28,3.672041656
408.88,3.684700276
409.49,3.69759697
410.09,3.710293693
410.70,3.72323039
411.30,3.73597139
411.90,3.74872877
412.51,3.761726619
413.11,3.774522732
413.71,3.787345452
414.32,3.800399164
414.92,3.813254284
415.53,3.82635217
416.13,3.839246564
416.73,3.852166244
417.34,3.865319442
417.94,3.878271222
418.55,3.89146807
419.15,3.904459675
419.76,3.9176921
420.36,3.93072668
420.96,3.94377398
421.57,3.957068774
422.17,3.970156602
422.78,3.983485468
423.38,3.99661574
423.99,4.00997657
424.59,4.02314905
425.20,4.036552
425.80,4.0497562
426.41,4.063201626
427.01,4.076437303
427.62,4.089924586
428.23,4.103423645
428.83,4.116720545
429.44,4.130261544
430.04,4.143591148
430.65,4.157172005
431.25,4.170542875
431.86,4.184154598
432.47,4.197790103
433.07,4.211212578
433.68,4.224885972
434.28,4.238349212
434.89,4.252053106
435.50,4.2657821
436.10,4.27929643
436.71,4.293061263
437.31,4.306615819
437.92,4.320410908
438.53,4.334232126
439.13,4.347837068
439.74,4.361692364
440.35,4.37556481
440.95,4.38922237
441.56,4.40313494
442.17,4.417058234
442.78,4.431002956
443.38,4.444737506
443.99,4.458711813
444.60,4.47271504
445.20,4.48649882
445.81,4.500531931
446.42,4.514585202
447.03,4.528649024
447.63,4.542509504
448.24,4.556612416
448.85,4.57073294
449.46,4.584875222
450.06,4.598795486
450.67,4.612973777
451.28,4.627165172
451.89,4.641372011
452.50,4.6556024
453.10,4.66960925
453.71,4.683873185
454.32,4.698151968
454.93,4.712444207
455.54,4.726761556
456.15,4.74108906
456.75,4.7552025
457.36,4.769567724
457.97,4.783944448
458.58,4.798347794
459.19,4.812761143
459.80,4.82719356
460.41,4.841644673
461.02,4.85610581
461.62,4.87035611
462.23,4.884854265
462.84,4.89936952
463.45,4.913905025
464.06,4.928450406
464.67,4.943020317
465.28,4.957602688
465.89,4.972199744
466.50,4.9868191
467.11,5.001448202
467.72,5.016099304
468.33,5.030764992
468.94,5.045443056
469.55,5.060145155
470.16,5.0748569
470.77,5.0895884
471.38,5.104336354
471.99,5.119094267
472.60,5.13387828
473.21,5.148671779
473.82,5.163482518
474.43,5.17831179
475.04,5.193150528
475.65,5.208013605
476.26,5.22288781
476.87,5.237776995
477.48,5.252686532
478.09,5.267605397
478.70,5.28254631
479.32,5.297745692
479.93,5.312712408
480.54,5.32770175
481.15,5.34270028
481.76,5.357717992
482.37,5.372751244
482.98,5.387794576
483.59,5.402862275
484.21,5.41818654
484.82,5.43328038
485.43,5.44839185
486.04,5.463512348
486.65,5.47865633
487.26,5.49381092
487.88,5.50922846
488.49,5.524417322
489.10,5.53961512
489.71,5.554833522
490.32,5.570064916
490.94,5.585557972
491.55,5.60082314
492.16,5.61609714
492.77,5.63138923
493.39,5.646947571
494.00,5.662264
494.61,5.677604646
495.22,5.692954048
495.84,5.708570856
496.45,5.72395342
497.06,5.73934462
497.67,5.75475749
498.29,5.770434398
498.90,5.78587118
499.51,5.801327801
500.13,5.817046807
500.74,5.832530986
501.35,5.848028745
501.97,5.863790819
502.58,5.879320938
503.19,5.894859524
503.81,5.910669276
504.42,5.926239992
505.03,5.941819074
505.65,5.95767607
506.26,5.973287162
506.88,5.989167656
507.49,6.004810535
508.10,6.02046171
508.72,6.036388952
509.33,6.052071678
509.95,6.06802217
510.56,6.083736228
511.18,6.099716516
511.79,6.115455248
512.40,6.1312087
513.02,6.147229
513.63,6.16301275
514.25,6.179064425
514.86,6.194870562
515.48,6.210953384
516.09,6.226785114
516.71,6.242895566
517.32,6.258757852
517.94,6.274890934
518.55,6.290783495
519.17,6.306944774
519.78,6.322861016
520.40,6.3390519
521.01,6.354989397
521.63,6.371208411
522.24,6.387173676
522.86,6.403412964
523.48,6.419667372
524.09,6.43566675
524.71,6.45194485
525.32,6.467969936
525.94,6.484266512
526.56,6.500579496
527.17,6.516635857
527.79,6.532967959
528.40,6.54904776
529.02,6.565397632
529.64,6.581763524
530.25,6.597871925
530.87,6.614253875
531.49,6.630648124
532.10,6.64678358
532.72,6.663196096
533.34,6.679616568
533.95,6.69577864
534.57,6.712218774
535.19,6.728664276
535.80,6.74485392
536.42,6.76131783
537.04,6.777786776
537.65,6.794001735
538.27,6.810487967
538.89,6.826981269
539.51,6.843484159
540.12,6.859725116
540.74,6.876241482
541.36,6.892764148
541.98,6.909291364
542.59,6.925562042
543.21,6.9421032
543.83,6.958651
544.45,6.975205775
545.06,6.991497024
545.68,7.008063672
546.30,7.02463458
546.92,7.041210032
547.54,7.05779272
548.16,7.074378544
548.77,7.090702693
549.39,7.107299131
550.01,7.12389845
550.63,7.14050515
551.25,7.1571144
551.87,7.173727424
552.48,7.190077584
553.10,7.20669812
553.72,7.223323544
554.34,7.239952096
554.96,7.256583224
555.58,7.273219166
556.20,7.28985696
556.82,7.306497946
557.44,7.323142188
558.06,7.33978814
558.68,7.35643762
559.29,7.372820329
559.91,7.389473591
560.53,7.406129662
561.15,7.42278693
561.77,7.439446454
562.39,7.456107655
563.01,7.472769882
563.63,7.489434366
564.25,7.50609955
564.87,7.52276577
565.49,7.539433264
566.11,7.556101338
566.73,7.572770534
567.35,7.58944015
567.97,7.60611009
568.59,7.622780561
569.21,7.639451143
569.83,7.656121889
570.45,7.6727925
571.08,7.689731884
571.70,7.70640201
572.32,7.723071752
572.94,7.739741134
573.56,7.756409508
574.18,7.773077378
574.80,7.78974428
575.42,7.806410006
576.04,7.82307504
576.66,7.83973816
577.29,7.856668938
577.91,7.873329702
578.53,7.88998824
579.15,7.906645695
579.77,7.923300941
580.39,7.939954237
581.01,7.956606324
581.64,7.973523336
582.26,7.990170238
582.88,8.006814944
583.50,8.02345635
584.12,8.0400961
584.75,8.057000575
585.37,8.073633987
585.99,8.090265549
586.61,8.106892231
587.23,8.123516855
587.86,8.14040621
588.48,8.157023304
589.10,8.17363824
589.72,8.190248288
590.35,8.20712288
590.97,8.223726976
591.59,8.240325054
592.21,8.2569206
592.84,8.2737794
593.46,8.290365494
594.08,8.3069489
594.71,8.323793525
595.33,8.340366881
595.95,8.356936815
596.58,8.37376693
597.20,8.39032678
597.82,8.406881338
598.45,8.42369701
599.07,8.440242501
599.69,8.456780567
600.32,8.47358096
600.94,8.49011047
601.56,8.50663214
602.19,8.523416623
602.81,8.539928277
603.44,8.556699736
604.06,8.573201284
604.68,8.589694152
605.31,8.606448136
605.93,8.622931208
606.56,8.639671344
607.18,8.656141676
607.81,8.672870192
608.43,8.689325952
609.05,8.705777665
609.68,8.722484824
610.30,8.73892151
610.93,8.755617581
611.55,8.7720389
612.18,8.788720526
612.80,8.80512926
613.43,8.821794653
614.05,8.83819093
614.68,8.854840948
615.30,8.87122086
615.93,8.887858656
616.55,8.904221525
617.18,8.920843382
617.80,8.93719272
618.43,8.953797028
619.06,8.970396034
619.68,8.986719952
620.31,9.003300804
620.93,9.019612012
621.56,9.036174432
622.18,9.052468608
622.81,9.069015936
623.44,9.08555376
624.06,9.101823714
624.69,9.118343511
625.31,9.134594145
625.94,9.15109983
626.57,9.167592576
627.19,9.183817879
627.82,9.200294962
628.45,9.21676156
629.07,9.232960997
629.70,9.24940847
630.33,9.265848155
630.95,9.282019925
631.58,9.298438436
632.21,9.314850629
632.83,9.330992267
633.46,9.347383076
634.09,9.363767477
634.72,9.380138216
635.34,9.396240568
635.97,9.412595494
636.60,9.42893524
637.22,9.445009202
637.85,9.461331935
638.48,9.477642188
639.11,9.493945659
639.73,9.509976937
640.36,9.526257208
640.99,9.542530297
641.62,9.558786956
642.25,9.57503655
642.87,9.591018042
643.50,9.6072437
644.13,9.623462273
644.76,9.639667196
645.39,9.655861238
646.01,9.671791361
646.64,9.687961004
647.27,9.704123114
647.90,9.72027518
648.53,9.736412141
649.16,9.752541628
649.79,9.768657532
650.41,9.78450582
651.04,9.800602428
651.67,9.816682044
652.30,9.83275275
652.93,9.848813655
653.56,9.864858096
654.19,9.880894817
654.82,9.896918426
655.45,9.912928445
656.08,9.92893062
656.71,9.94491624
657.33,9.960638088
657.96,9.976604556
658.59,9.992553029
659.22,10.008493462
659.85,10.024421185
660.48,10.040333932
661.11,10.056238567
661.74,10.072126978
662.37,10.088003808
663.00,10.1038725
663.63,10.119721221
664.26,10.135561674
664.89,10.151390361
665.52,10.167202304
666.15,10.18300586
666.78,10.198793912
667.41,10.214568721
668.04,10.23033512
668.67,10.246082285
669.31,10.262069144
669.94,10.277795456
670.57,10.293503129
671.20,10.3092022
671.83,10.324886995
672.46,10.340556472
673.09,10.356217273
673.72,10.371859984
674.35,10.38749083
674.98,10.403112184
675.62,10.418960602
676.25,10.43455215
676.88,10.450130664
677.51,10.465691838
678.14,10.481244102
678.77,10.496779461
679.40,10.51230102
680.04,10.528059504
680.67,10.543551267
681.30,10.55903256
681.93,10.574502336
682.56,10.589952456
683.20,10.60563832
683.83,10.621063933
684.46,10.636473124
685.09,10.651873069
685.72,10.667253952
686.36,10.68286616
686.99,10.698224615
687.62,10.713560812
688.25,10.728887675
688.89,10.744443963
689.52,10.759738412
690.15,10.77502343
690.78,10.790290976
691.42,10.80578566
692.05,10.821028565
692.68,10.836250184
693.32,10.85170164
693.95,10.866900075
694.58,10.882077224
695.22,10.89748532
695.85,10.91263745
696.48,10.927771724
697.12,10.943136092
697.75,10.95824135
698.38,10.97333232
699.02,10.988652532
699.65,11.00371054
700.28,11.018758048
700.92,11.034031072
701.55,11.049044665
702.18,11.06404843
702.82,11.07927307
703.45,11.094242725
704.09,11.109439598
704.72,11.124378284
705.35,11.139303635
705.99,11.154455059
706.62,11.16934581
707.26,11.184462624
707.89,11.199328986
708.53,11.214410758
709.16,11.229246484
709.80,11.24429922
710.43,11.259099987
711.07,11.27412504
711.70,11.2888935
712.33,11.303649156
712.97,11.318627204
713.60,11.33334764
714.24,11.34829108
714.88,11.36321876
715.51,11.377893203
716.15,11.39278984
716.78,11.407434568
717.42,11.422295204
718.05,11.43691312
718.69,11.451739616
719.32,11.46632168
719.96,11.48112264
720.59,11.49566903
721.23,11.510435372
721.87,11.525185068
722.50,11.53968445
723.14,11.554403096
723.77,11.568871928
724.41,11.583553942
725.05,11.59822469
725.68,11.612642744
726.32,11.627276696
726.95,11.641669235
727.59,11.656266273
728.23,11.670851943
728.86,11.685193326
729.50,11.6997419
730.14,11.71427905
730.77,11.728569025
731.41,11.743069097
732.05,11.75755772
732.68,11.771795972
733.32,11.786247172
733.96,11.800685316
734.60,11.81509862
735.23,11.82927561
735.87,11.84366089
736.51,11.858025107
737.14,11.872153802
737.78,11.886486154
738.42,11.900800992
739.06,11.915104172
739.69,11.929160228
740.33,11.943425668
740.97,11.957678212
741.61,11.971905197
742.24,11.985898664
742.88,12.000097768
743.52,12.01427498
744.16,12.028440468
744.80,12.04258594
745.43,12.056492243
746.07,12.070607774
746.71,12.084699422
747.35,12.0987763
747.99,12.11284094
748.63,12.126878868
749.26,12.140686064
749.90,12.15469656
750.54,12.168684214
751.18,12.18265997
751.82,12.19661613
752.46,12.21055274
753.10,12.22447746
753.74,12.238379284
754.37,12.252048167
755.01,12.265922364
755.65,12.27976966
756.29,12.293604486
756.93,12.307424262
757.57,12.321219756
758.21,12.33500328
758.85,12.3487684
759.49,12.362512401
760.13,12.376244386
760.77,12.389954594
761.41,12.403647131
762.05,12.41732759
762.69,12.430982502
763.33,12.444623224
763.97,12.458250616
764.61,12.471851717
765.25,12.4854407
765.89,12.499012796
766.53,12.512561943
767.17,12.526098983
767.81,12.539615719
768.45,12.55311288
769.09,12.566597861
769.73,12.580058917
770.37,12.593503878
771.01,12.606936659
771.65,12.620342035
772.29,12.633734825
772.93,12.647112425
773.57,12.660465002
774.21,12.673805434
774.86,12.687335444
775.50,12.70063525
776.14,12.71392275
776.78,12.72718835
777.42,12.74043568
778.06,12.753670806
778.70,12.76688047
779.34,12.780075208
779.99,12.793462738
780.63,12.80661646
781.27,12.819757995
781.91,12.832883435
782.55,12.84598451
783.19,12.859073257
783.84,12.872346452
784.48,12.885394276
785.12,12.898429764
785.76,12.911442372
786.40,12.92443722
787.05,12.937622095
787.69,12.950578191
788.33,12.963519668
788.97,12.976447412
789.61,12.989348255
790.26,13.002437786
790.90,13.01530889
791.54,13.028156018
792.18,13.040990786
792.83,13.054005541
793.47,13.066799013
794.11,13.079580018
794.76,13.092536988
795.40,13.10527682
796.04,13.118004192
796.68,13.130704864
797.33,13.143589332
797.97,13.156261588
798.61,13.16890676
799.26,13.181736538
799.90,13.19435177
800.54,13.206942972
801.19,13.219717918
801.83,13.232276126
802.47,13.244813419
803.12,13.257533572
803.76,13.270034756
804.41,13.282712862
805.05,13.295183085
805.69,13.307627053
806.34,13.320250226
806.98,13.332665522
807.63,13.345246709
808.27,13.357621392
808.91,13.369979536
809.56,13.382505688
810.20,13.3948262
810.85,13.4073192
811.49,13.419598048
812.14,13.432055656
812.78,13.444299112
813.43,13.456714565
814.07,13.468926142
814.71,13.481112126
815.36,13.493472424
816.00,13.5056298
816.65,13.517947885
817.29,13.530063498
817.94,13.542352528
818.58,13.554426338
819.23,13.566675726
819.88,13.578906256
820.52,13.590925328
821.17,13.603119088
821.81,13.615103984
822.46,13.627255444
823.10,13.63920704
823.75,13.6513207
824.39,13.663230446
825.04,13.675313056
825.69,13.687368216
826.33,13.699223095
826.98,13.71124907
827.62,13.723062006
828.27,13.735046451
828.92,13.747013796
829.56,13.75877194
830.21,13.77070061
830.85,13.78242605
831.50,13.7943124
832.15,13.806185265
832.79,13.817853169
833.44,13.829683584
834.09,13.84150049
834.73,13.85311073
835.38,13.864885204
836.03,13.876646127
836.67,13.888198703
837.32,13.899917324
837.97,13.911621029
838.61,13.923117227
839.26,13.934779878
839.91,13.946424823
840.56,13.958044792
841.20,13.96947292
841.85,13.981059235
842.50,13.99262315
843.14,14.003996214
843.79,14.015524029
844.44,14.027031868
845.09,14.038526132
845.74,14.049995252
846.38,14.061270786
847.03,14.072709238
847.68,14.084119728
848.33,14.095515302
848.97,14.106721318
849.62,14.118074528
850.27,14.129414157
850.92,14.140736572
851.57,14.15203328
852.22,14.163316458
852.86,14.174406954
853.51,14.185647738
854.16,14.196874992
854.81,14.208080147
855.46,14.219264556
856.11,14.230435413
856.76,14.241581808
857.40,14.2525388
858.05,14.263653805
858.70,14.27474157
859.35,14.285813515
860.00,14.2968719
860.65,14.307901165
861.30,14.3189169
861.95,14.32991685
862.60,14.34088962
863.25,14.351848875
863.90,14.36279013
864.54,14.373538704
865.19,14.384442094
865.84,14.395324784
866.49,14.406185326
867.14,14.41703235
867.79,14.427856475
868.44,14.438660712
869.09,14.449451416
869.74,14.460216976
870.39,14.470964869
871.04,14.481699192
871.69,14.492406187
872.34,14.503097848
872.99,14.513775528
873.64,14.524424472
874.29,14.535059859
874.94,14.545678974
875.59,14.55627148
876.25,14.567013
876.90,14.57757368
877.55,14.588109665
878.20,14.59863214
878.85,14.60913432
879.50,14.619614
880.15,14.630080195
880.80,14.64052394
881.45,14.650947525
882.10,14.66135762
882.75,14.6717428
883.41,14.682269466
884.06,14.692622962
884.71,14.702949967
885.36,14.713260772
886.01,14.723558079
886.66,14.733826714
887.31,14.74408143
887.97,14.75447841
888.62,14.764690146
889.27,14.774888364
889.92,14.785069444
890.57,14.795225102
891.22,14.80536727
891.88,14.81564578
892.53,14.825745023
893.18,14.835830784
893.83,14.845895254
894.48,14.85593846
895.14,14.86612223
895.79,14.876128655
896.44,14.886115412
897.09,14.896088759
897.75,14.906190125
898.40,14.91612056
899.05,14.92603759
899.70,14.93592786
900.36,14.94595416
901.01,14.955814866
901.66,14.965647156
902.32,14.975616344
902.97,14.985419449
903.62,14.995194964
904.28,15.005107
904.93,15.014852125
905.58,15.024571382
906.23,15.034277305
906.89,15.044113615
907.54,15.053776644
908.20,15.0635745
908.85,15.073203925
909.50,15.082811
910.16,15.092551948
910.81,15.102123393
911.46,15.111674368
912.12,15.121358392
912.77,15.130872182
913.43,15.140513031
914.08,15.14999414
914.73,15.15945034
915.39,15.169034743
916.04,15.178460428
916.70,15.18800449
917.35,15.197388545
918.00,15.2067594
918.66,15.216245976
919.31,15.225575548
919.97,15.235033876
920.62,15.244322484
921.28,15.253740992
921.93,15.263001152
922.59,15.272378583
923.24,15.281600932
923.90,15.29094772
924.55,15.300130175
925.21,15.309440969
925.86,15.318592254
926.52,15.327863112
927.17,15.336980907
927.83,15.346218993
928.48,15.355297764
929.14,15.364503526
929.79,15.373548861
930.45,15.382715535
931.10,15.39173112
931.76,15.400863012
932.42,15.409978272
933.07,15.418943304
933.73,15.428023056
934.38,15.436950492
935.04,15.446003056
935.70,15.45503113
936.35,15.46390894
937.01,15.472911223
937.66,15.481752718
938.32,15.490717948
938.98,15.499670122
939.63,15.508462843
940.29,15.51737902
940.95,15.5262811
941.60,15.53502598
942.26,15.54389381
942.92,15.55274672
943.57,15.561444348
944.23,15.570264308
944.89,15.579068444
945.54,15.587719582
946.20,15.59649246
946.86,15.605248548
947.51,15.613853404
948.17,15.622579433
948.83,15.631288067
949.49,15.639978963
950.14,15.648527232
950.80,15.65718894
951.46,15.66583418
952.11,15.674337585
952.77,15.682952895
953.43,15.691553026
954.09,15.700141951
954.75,15.708711325
955.40,15.71713702
956.06,15.725681524
956.72,15.734205688
957.38,15.742716932
958.03,15.751088819
958.69,15.759568037
959.35,15.768035705
960.01,15.776492807
960.67,15.784928069
961.33,15.793352375
961.98,15.80163825
962.64,15.810030544
963.30,15.8184124
963.96,15.82678252
964.62,15.835132676
965.28,15.843472332
965.94,15.851799486
966.59,15.859981945
967.25,15.86828035
967.91,15.876565594
968.57,15.884832598
969.23,15.893089523
969.89,15.901332989
970.55,15.909559185
971.21,15.917775438
971.87,15.925977786
972.53,15.934163704
973.19,15.942339778
973.84,15.950377808
974.50,15.9585242
975.16,15.966660864
975.82,15.974782428
976.48,15.982889448
977.14,15.990986842
977.80,15.99906874
978.46,16.007137068
979.12,16.01519592
979.78,16.02323868
980.44,16.03126846
981.10,16.03928888
981.76,16.047293228
982.42,16.055285186
983.08,16.0632678
983.74,16.071234
984.40,16.07918856
985.06,16.087133892
985.72,16.095062604
986.39,16.103100255
987.05,16.111008615
987.71,16.118899773
988.37,16.126780719
989.03,16.134652833
989.69,16.142507559
990.35,16.15035259
991.01,16.158188759
991.67,16.166007053
992.33,16.17381647
992.99,16.18161701
993.66,16.189517854
994.32,16.197291996
994.98,16.205057094
995.64,16.212804976
996.30,16.22054455
996.96,16.2282748
997.62,16.23598862
998.29,16.243810555
998.95,16.251505825
999.61,16.259185479
1000.27,16.266856914
1000.93,16.274518326
1001.59,16.282164634
1002.26,16.28991832
1002.92,16.29754594
1003.58,16.30515906
1004.24,16.312764084
1004.90,16.32035844
1005.57,16.328053783
1006.23,16.335626133
1006.89,16.343187819
1007.55,16.350736085
1008.22,16.35839056
1008.88,16.36591984
1009.54,16.373436052
1010.20,16.38094462
1010.87,16.388555887
1011.53,16.396040674
1012.19,16.403517761
1012.86,16.411096734
1013.52,16.418550524
1014.18,16.425996746
1014.84,16.433431448
1015.51,16.44096722
1016.17,16.448382962
1016.83,16.455787238
1017.50,16.46329225
1018.16,16.470677764
1018.82,16.478051878
1019.49,16.485526598
1020.15,16.492882355
1020.81,16.500226637
1021.48,16.507671492
1022.14,16.51499792
1022.81,16.52242353
1023.47,16.52972797
1024.13,16.537025422
1024.80,16.54442182
1025.46,16.55169775
1026.13,16.559076667
1026.79,16.566333961
1027.45,16.57358167
1028.12,16.58093206
1028.78,16.58816104
1029.45,16.595490235
1030.11,16.602703199
1030.78,16.610013502
1031.44,16.617205544
1032.11,16.624499656
1032.77,16.631673592
1033.43,16.638838584
1034.10,16.64610527
1034.76,16.653252212
1035.43,16.660498583
1036.09,16.667630129
1036.76,16.674858156
1037.42,16.681969986
1038.09,16.68918292
1038.75,16.6962766
1039.42,16.703469654
1040.08,16.710549036
1040.75,16.7177242
1041.42,16.724891048
1042.08,16.731944532
1042.75,16.7390937
1043.41,16.746128251
1044.08,16.753262968
1044.74,16.760280154
1045.41,16.767395994
1046.08,16.774505476
1046.74,16.781497978
1047.41,16.788588678
1048.07,16.795567411
1048.74,16.802640802
1049.41,16.809706895
1050.07,16.81666167
1050.74,16.82371074
1051.40,16.83064736
1052.07,16.837683057
1052.74,16.844708074
1053.40,16.85162104
1054.07,16.858632751
1054.74,16.865633782
1055.40,16.87252352
1056.07,16.879511936
1056.74,16.886489852
1057.40,16.89335654
1058.07,16.900321407
1058.74,16.907276074
1059.40,16.91412014
1060.07,16.921062255
1060.74,16.92799441
1061.41,16.934919472
1062.07,16.94173561
1062.74,16.94864532
1063.41,16.955548183
1064.07,16.962342607
1064.74,16.969230274
1065.41,16.976111053
1066.08,16.982986224
1066.74,16.989749772
1067.41,16.996609156
1068.08,17.00346304
1068.75,17.010307425
1069.42,17.017145216
1070.08,17.02387582
1070.75,17.0306991
1071.42,17.037515996
1072.09,17.044327688
1072.76,17.051130332
1073.42,17.057825102
1074.09,17.064616252
1074.76,17.071398528
1075.43,17.078174311
1076.10,17.08494496
1076.77,17.091707002
1077.43,17.098361926
1078.10,17.10511281
1078.77,17.111855087
1079.44,17.118590984
1080.11,17.125321973
1080.78,17.132044954
1081.45,17.13876141
1082.12,17.14547296
1082.78,17.15207659
1083.45,17.15877384
1084.12,17.165466288
1084.79,17.172151146
1085.46,17.17882961
1086.13,17.185503413
1086.80,17.19216998
1087.47,17.198829873
1088.14,17.205485036
1088.81,17.212133044
1089.48,17.21877462
1090.15,17.225411655
1090.82,17.232041774
1091.49,17.238665376
1092.16,17.245284456
1092.83,17.251896753
1093.50,17.2585026
1094.17,17.265104061
1094.84,17.271699072
1095.51,17.278287555
1096.18,17.284871704
1096.85,17.29144963
1097.52,17.298021108
1098.19,17.304588256
1098.86,17.311149164
1099.53,17.317703606
1100.20,17.32425394
1100.87,17.330798634
1101.54,17.337336686
1102.21,17.343870598
1102.88,17.350398944
1103.55,17.3569208
1104.22,17.363438556
1104.89,17.369950822
1105.57,17.376553617
1106.24,17.383055284
1106.91,17.389552006
1107.58,17.396042
1108.25,17.40252805
1108.92,17.409009228
1109.59,17.41548368
1110.26,17.421954386
1110.94,17.428517134
1111.61,17.434976356
1112.28,17.44143178
1112.95,17.447882875
1113.62,17.454327336
1114.29,17.460768072
1114.97,17.467300696
1115.64,17.473730276
1116.31,17.480156243
1116.98,17.486578394
1117.65,17.49299372
1118.32,17.499405476
1119.00,17.5059092
1119.67,17.512310246
1120.34,17.518707892
1121.01,17.525102133
1121.69,17.531584777
1122.36,17.537968416
1123.03,17.544348602
1123.70,17.55072258
1124.38,17.557187892
1125.05,17.56355468
1125.72,17.569915392
1126.39,17.576272321
1127.07,17.582720694
1127.74,17.589068408
1128.41,17.595412186
1129.09,17.601847268
1129.76,17.608182252
1130.43,17.614513194
1131.10,17.62084095
1131.78,17.62725777
1132.45,17.63357622
1133.12,17.639891572
1133.80,17.64629588
1134.47,17.652601777
1135.14,17.658904656
1135.82,17.665296928
1136.49,17.671590884
1137.17,17.677975659
1137.84,17.684262068
1138.51,17.69054404
1139.19,17.696916726
1139.86,17.703191544
1140.53,17.709462122
1141.21,17.715823222
1141.88,17.722086516
1142.56,17.728438924
1143.23,17.734695083
1143.91,17.741040911
1144.58,17.747288894
1145.25,17.753534025
1145.93,17.759868701
1146.60,17.76610566
1147.28,17.7724329
1147.95,17.7786639
1148.63,17.784982986
1149.30,17.79120639
1149.98,17.797519714
1150.65,17.80373545
1151.33,17.810041302
1152.00,17.8162518
1152.68,17.822549688
1153.35,17.828752475
1154.03,17.835045313
1154.70,17.84124087
1155.38,17.8475262
1156.05,17.853716635
1156.73,17.859994871
1157.40,17.86617798
1158.08,17.87245088
1158.75,17.878627275
1159.43,17.884892974
1160.10,17.89106417
1160.78,17.897323366
1161.46,17.903579618
1162.13,17.909741569
1162.81,17.915991653
1163.48,17.922146608
1164.16,17.92839116
1164.83,17.934540755
1165.51,17.94077882
1166.19,17.947014526
1166.86,17.953155344
1167.54,17.959384306
1168.22,17.965611126
1168.89,17.971743837
1169.57,17.977964262
1170.24,17.984091068
1170.92,17.990306744
1171.60,17.99651882
1172.27,18.002637449
1172.95,18.008844965
1173.63,18.015048638
1174.30,18.02115922
1174.98,18.027359052
1175.66,18.033555056
1176.34,18.03974887
1177.01,18.045849504
1177.69,18.052037776
1178.37,18.058223791
1179.04,18.06431678
1179.72,18.07049764
1180.40,18.07667634
1181.08,18.082853088
1181.75,18.08893575
1182.43,18.095106919
1183.11,18.101276224
1183.79,18.107442736
1184.46,18.113516218
1185.14,18.119678562
1185.82,18.125838206
1186.50,18.1319953
1187.17,18.138060179
1187.85,18.144213295
1188.53,18.150363549
1189.21,18.156512111
1189.20,18.15642172
1189.86,18.162387526
1190.51,18.168260493
1191.17,18.174222366
1191.82,18.180091736
1192.47,18.185959038
1193.13,18.191915139
1193.78,18.197778334
1194.44,18.203730192
1195.09,18.209590644
1195.75,18.2155383
1196.40,18.2213944
1197.06,18.227339416
1197.71,18.233191756
1198.37,18.239132541
1199.02,18.24498201
1199.67,18.250829085
1200.33,18.256764729
1200.98,18.262609074
1201.64,18.268541028
1202.29,18.274381844
1202.95,18.28031102
1203.60,18.28614802
1204.26,18.292073686
1204.91,18.297908151
1205.57,18.303830382
1206.22,18.309661692
1206.87,18.315491282
1207.53,18.321408809
1208.18,18.327235552
1208.84,18.333150076
1209.49,18.338973663
1210.15,18.34488585
1210.80,18.3507066
1211.46,18.356615244
1212.11,18.362433346
1212.77,18.368339422
1213.42,18.374154626
1214.08,18.380058252
1214.73,18.385870487
1215.38,18.391681658
1216.04,18.397581356
1216.69,18.403390016
1217.35,18.40928685
1218.00,18.4150933
1218.66,18.420987166
1219.31,18.426790894
1219.97,18.432682978
1220.62,18.43848399
1221.28,18.444373488
1221.93,18.450172853
1222.59,18.456059787
1223.24,18.461856756
1223.89,18.467652741
1224.55,18.473536465
1225.20,18.47933022
1225.86,18.485211876
1226.51,18.491003345
1227.17,18.49688319
1227.82,18.50267274
1228.48,18.508550304
1229.13,18.514338099
1229.79,18.520213617
1230.44,18.525999276
1231.10,18.5318733
1231.75,18.537657
1232.41,18.54352886
1233.06,18.549311152
1233.71,18.555092382
1234.37,18.560961666
1235.02,18.566741298
1235.68,18.572608632
1236.33,18.578386605
1236.99,18.584253015
1237.64,18.59002926
1238.30,18.59589381
1238.95,18.601668865
1239.61,18.60753173
1240.26,18.613305316
1240.92,18.619167172
1241.57,18.624939129
1242.23,18.630799455
1242.88,18.63657048
1243.54,18.64242921
1244.19,18.648198707
1244.84,18.653967652
1245.50,18.6598248
1246.15,18.66559279
1246.81,18.671448706
1247.46,18.677215344
1248.12,18.683070324
1248.77,18.688835954
1249.43,18.69468977
1250.08,18.70045454
1250.74,18.70630742
1251.39,18.712071074
1252.05,18.717922985
1252.70,18.72368569
1253.36,18.7295368
1254.01,18.735299035
1254.67,18.741148945
1255.32,18.746910092
1255.98,18.752759738
1256.63,18.758520312
1257.29,18.764369177
1257.94,18.770129022
1258.59,18.775888513
1259.25,18.781736475
1259.90,18.78749567
1260.56,18.79334302
1261.21,18.799101506
1261.87,18.804948182
1262.52,18.81070622
1263.18,18.816552722
1263.83,18.822310357
1264.49,18.828156375
1265.14,18.833913694
1265.80,18.83975938
1266.45,18.84551618
1267.11,18.851361382
1267.76,18.857117912
1268.42,18.862963088
1269.07,18.868719706
1269.73,18.874564534
1270.38,18.880320956
1271.04,18.88616602
1271.69,18.891922095
1272.35,18.89776676
1273.00,18.9035229
1273.65,18.9092793
1274.31,18.915124043
1274.96,18.920879988
1275.62,18.926724796
1276.27,18.93248112
1276.93,18.93832608
1277.58,18.944082364
1278.24,18.949927336
1278.89,18.955683996
1279.55,18.961529385
1280.20,18.96728624
1280.86,18.973131662
1281.51,18.978888823
1282.17,18.984734641
1282.82,18.990491886
1283.48,18.996337992
1284.13,19.002095705
1284.79,19.007942315
1285.44,19.013700736
1286.10,19.01954793
1286.75,19.025306475
1287.41,19.031153982
1288.06,19.036913136
1288.72,19.042761132
1289.37,19.048520892
1290.03,19.054369569
1290.68,19.060130064
1291.34,19.065979454
1291.99,19.071740469
1292.65,19.077590635
1293.30,19.08335238
1293.96,19.089203016
1294.61,19.094965555
1295.27,19.100817028
1295.92,19.106580188
1296.58,19.11243265
1297.23,19.118196778
1297.89,19.124050054
1298.54,19.129815238
1299.19,19.135580676
1299.85,19.14143514
1300.50,19.14720175
1301.16,19.153057464
1301.81,19.158824849
1302.47,19.16468148
1303.12,19.170449772
1303.78,19.176307668
1304.43,19.182077367
1305.09,19.187936211
1305.74,19.193706846
1306.40,19.1995669
1307.05,19.20533866
1307.71,19.211200252
1308.36,19.216973428
1309.02,19.222835776
1309.67,19.228610246
1310.33,19.234474016
1310.98,19.240249396
1311.64,19.246114972
1312.29,19.251892094
1312.95,19.25775857
1313.60,19.263537
1314.26,19.269404998
1314.91,19.275184993
1315.57,19.281054538
1316.22,19.286835666
1316.88,19.292706564
1317.53,19.298489516
1318.19,19.304361991
1318.84,19.310146276
1319.50,19.3160206
1320.15,19.32180652
1320.81,19.327682368
1321.46,19.333470062
1322.12,19.339347404
1322.77,19.345136759
1323.43,19.351016041
1324.08,19.356806856
1324.74,19.362687918
1325.39,19.368480731
1326.05,19.37436336
1326.70,19.38015824
1327.36,19.386042848
1328.01,19.391838794
1328.67,19.397725598
1329.32,19.403523816
1329.98,19.409411874
1330.63,19.415212483
1331.29,19.42110294
1331.94,19.42690484
1332.60,19.43279738
1333.25,19.4386014
1333.91,19.444495728
1334.56,19.45030226
1335.22,19.456198788
1335.87,19.462006798
1336.53,19.467905487
1337.18,19.473715608
1337.84,19.479616404
1338.49,19.48542897
1339.15,19.491331785
1339.80,19.49714662
1340.46,19.503051972
1341.11,19.50886861
1341.77,19.51477627
1342.42,19.520595512
1343.08,19.526505064
1343.73,19.532326334
1344.39,19.538238566
1345.04,19.54406226
1345.70,19.54997685
1346.35,19.555802875
1347.01,19.561719474
1347.66,19.567548284
1348.32,19.573467728
1348.97,19.579298488
1349.63,19.585220464
1350.28,19.591053624
1350.94,19.596977652
1351.60,19.60290348
1352.25,19.608740525
1352.91,19.614668711
1353.56,19.6205087
1354.22,19.626439482
1354.87,19.632281747
1355.53,19.638215483
1356.18,19.644060238
1356.84,19.649996344
1357.49,19.655844175
1358.15,19.661782915
1358.80,19.66763298
1359.46,19.673574748
1360.11,19.679427548
1360.77,19.685372036
1361.42,19.6912278
1362.08,19.69717468
1362.73,19.703033455
1363.39,19.708983613
1364.04,19.714844604
1364.70,19.72079787
1365.35,19.72666209
1366.01,19.732617567
1366.66,19.738484922
1367.32,19.744443728
1367.97,19.750313488
1368.63,19.756275568
1369.28,19.762148416
1369.94,19.768112968
1370.59,19.773989272
1371.25,19.779957075
1371.90,19.78583587
1372.56,19.791807012
1373.21,19.797688815
1373.87,19.803662805
1374.52,19.809548048
1375.18,19.815524966
1375.84,19.821503708
1376.49,19.827393823
1377.15,19.8333757
1377.80,19.8392686
1378.46,19.845253954
1379.11,19.851149796
1379.77,19.857138372
1380.42,19.863037724
1381.08,19.869029004
1381.73,19.874931849
1382.39,19.880926989
1383.04,19.886832452
1383.70,19.89283106
1384.35,19.898740285
1385.01,19.904741765
1385.66,19.91065449
1386.32,19.916659492
1386.97,19.922574882
1387.63,19.928583798
1388.28,19.934503048
1388.94,19.940515054
1389.59,19.946438152
1390.25,19.95245355
1390.90,19.95837934
1391.56,19.964398648
1392.22,19.9704193
1392.87,19.97635055
1393.53,19.982375223
1394.18,19.988309912
1394.84,19.994337956
1395.49,20.000276528
1396.15,20.00630777
1396.80,20.01224994
1397.46,20.018285322
1398.11,20.024230533
1398.77,20.030269731
1399.42,20.036219106
1400.08,20.042261304
1400.73,20.048214524
1401.39,20.05426097
1402.04,20.0602171
1402.70,20.06626765
1403.35,20.072227995
1404.01,20.078281361
1404.67,20.084337587
1405.32,20.090303556
1405.98,20.096362884
1406.63,20.102332987
1407.29,20.108396442
1407.94,20.114369812
1408.60,20.12043748
1409.25,20.126414725
1409.91,20.132485999
1410.56,20.13846758
1411.22,20.144542572
1411.87,20.150527512
1412.53,20.156607125
1413.18,20.162596006
1413.84,20.168679028
1414.49,20.174672235
1415.15,20.18075913
1415.81,20.186848422
1416.46,20.192847568
1417.12,20.198940484
1417.77,20.204943689
1418.43,20.211041143
1419.08,20.217047592
1419.74,20.223149226
1420.39,20.229160439
1421.05,20.235265715
1421.70,20.24128101
1422.36,20.247390828
1423.01,20.253409741
1423.67,20.259524047
1424.32,20.265547312
1424.98,20.271664918
1425.63,20.277692983
1426.29,20.283815194
1426.95,20.28993907
1427.60,20.29597352
1428.26,20.302102184
1428.91,20.308139644
1429.57,20.314273009
1430.22,20.32031508
1430.88,20.32645242
1431.53,20.332499261
1432.19,20.33864071
1432.84,20.34469156
1433.50,20.3508379
1434.15,20.356892605
1434.81,20.363042947
1435.47,20.369195639
1436.12,20.375256716
1436.78,20.381414054
1437.43,20.387480163
1438.09,20.393641155
1438.74,20.39971183
1439.40,20.40587802
1440.05,20.411952365
1440.71,20.418122903
1441.36,20.424201964
1442.02,20.430376304
1442.67,20.436460434
1443.33,20.442639948
1443.99,20.448821244
1444.64,20.454912084
1445.30,20.46109824
1445.95,20.46719251
1446.61,20.473384137
1447.26,20.479483464
1447.92,20.485678488
1448.57,20.491782783
1449.23,20.497982656
1449.88,20.504090836
1450.54,20.510295958
1451.20,20.51650282
1451.85,20.522618085
1452.51,20.528830287
1453.16,20.534950024
1453.82,20.541166498
1454.47,20.547291462
1455.13,20.553512387
1455.78,20.559641822
1456.44,20.565867888
1457.09,20.572001308
1457.75,20.5782325
1458.41,20.584465865
1459.06,20.590606408
1459.72,20.596844596
1460.37,20.602990412
1461.03,20.609232596
1461.68,20.615383676
1462.34,20.621631224
1462.99,20.627785814
1463.65,20.63403899
1464.30,20.6401991
1464.96,20.6464559
1465.62,20.65271642
1466.27,20.65888367
1466.93,20.66514773
1467.58,20.671320418
1468.24,20.677589896
1468.89,20.683766781
1469.55,20.690041885
1470.20,20.69622366
1470.86,20.702503098
1471.51,20.708690147
1472.17,20.714974186
1472.83,20.721261214
1473.48,20.72745572
1474.14,20.733747364
1474.79,20.739946804
1475.45,20.74624405
1476.10,20.75244762
1476.76,20.758750092
1477.41,20.764959327
1478.07,20.771265877
1478.73,20.777576203
1479.38,20.78379297
1480.04,20.790107104
1480.69,20.796329294
1481.35,20.80264938
1482.00,20.8088756
1482.66,20.815201172
1483.31,20.821432886
1483.97,20.827762682
1484.63,20.834096069
1485.28,20.840335316
1485.94,20.846672768
1486.59,20.852917915
1487.25,20.859261025
1487.90,20.86551045
1488.56,20.87185938
1489.21,20.878113902
1489.87,20.884467194
1490.53,20.890823984
1491.18,20.897086402
1491.84,20.903448076
1492.49,20.909716105
1493.15,20.91608242
1493.80,20.92235544
1494.46,20.928727912
1495.11,20.935005752
1495.77,20.941383464
1496.43,20.947763799
1497.08,20.954049324
1497.74,20.960435022
1498.39,20.966726463
1499.05,20.97311669
1499.70,20.97941376
1500.36,20.985809976
1501.01,20.9921112
1501.67,20.9985132
1502.33,21.004917444
1502.98,21.011226864
1503.64,21.017637128
1504.29,21.023952268
1504.95,21.03036694
1505.60,21.03668796
1506.26,21.043108294
1506.92,21.049531348
1507.57,21.055860446
1508.23,21.062288843
1508.88,21.068622508
1509.54,21.075057232
1510.19,21.081396487
1510.85,21.087836305
1511.50,21.09418145
1512.16,21.100626184
1512.82,21.107074318
1513.47,21.113427526
1514.13,21.119880451
1514.78,21.126239206
1515.44,21.13269856
1516.09,21.139061995
1516.75,21.145527025
1517.41,21.151994638
1518.06,21.158366204
1518.72,21.164839748
1519.37,21.171217539
1520.03,21.177695439
1520.68,21.184079284
1521.34,21.190563586
1522.00,21.19705
1522.65,21.203442035
1523.31,21.209934579
1523.96,21.216331164
1524.62,21.222830436
1525.27,21.229233099
1525.93,21.235736541
1526.59,21.242243936
1527.24,21.248654828
1527.90,21.25516718
1528.55,21.261584325
1529.21,21.268102221
1529.86,21.274524286
1530.52,21.28104874
1531.18,21.287575312
1531.83,21.294006022
1532.49,21.300539096
1533.14,21.306975252
1533.80,21.31351374
1534.45,21.31995613
1535.11,21.326499689
1535.77,21.333046823
1536.42,21.33949774
1537.08,21.346050064
1537.73,21.352506709
1538.39,21.359065495
1539.04,21.365527064
1539.70,21.37209182
1540.36,21.378659168
1541.01,21.385129203
1541.67,21.391703001
1542.32,21.398179372
1542.98,21.404757658
1543.63,21.41124062
1544.29,21.417825432
1544.95,21.42441276
1545.60,21.43090418
1546.26,21.437497644
1546.91,21.443994004
1547.57,21.450594127
1548.22,21.457096338
1548.88,21.463701552
1549.54,21.470310384
1550.19,21.476821204
1550.85,21.48343546
1551.50,21.489953
1552.16,21.496572964
1552.82,21.503196328
1553.47,21.509722534
1554.13,21.51635127
1554.78,21.52288312
1555.44,21.529518496
1556.09,21.53605547
1556.75,21.54269705
1557.41,21.5493415
1558.06,21.555887402
1558.72,21.562538024
1559.37,21.569090469
1560.03,21.575745915
1560.68,21.58230474
1561.34,21.588966884
1562.00,21.5956313
1562.65,21.60219929
1563.31,21.608870403
1563.96,21.615442748
1564.62,21.62212067
1565.28,21.628800952
1565.93,21.635382787
1566.59,21.642069657
1567.24,21.648657404
1567.90,21.65534954
1568.55,21.661943965
1569.21,21.668642119
1569.87,21.675343693
1570.52,21.681947212
1571.18,21.688654486
1571.83,21.695263491
1572.49,21.701977701
1573.15,21.7086942
1573.80,21.7153125
1574.46,21.722035748
1575.11,21.72865926
1575.77,21.73538862
1576.42,21.742019002
1577.08,21.748753616
1577.74,21.755492348
1578.39,21.762131864
1579.05,21.768875815
1579.70,21.77552161
1580.36,21.782272384
1581.02,21.789025578
1581.67,21.795680863
1582.33,21.802440814
1582.98,21.809100584
1583.64,21.815867548
1584.30,21.82263676
1584.95,21.82930589
1585.61,21.836082136
1586.26,21.842757974
1586.92,21.849539408
1587.57,21.856221969
1588.23,21.863009593
1588.89,21.869800399
1589.54,21.876492148
1590.20,21.88328916
1590.85,21.88998663
1591.51,21.896790657
1592.17,21.903596977
1592.82,21.910303742
1593.48,21.917117144
1594.13,21.923829538
1594.79,21.930649054
1595.45,21.937471855
1596.10,21.94419354
1596.76,21.951022824
1597.41,21.957751463
1598.07,21.964585805
1598.73,21.971424395
1599.38,21.978162258
1600.04,21.985006148
1600.69,21.991750678
1601.35,21.998601665
1602.01,22.005455107
1602.66,22.012209062
1603.32,22.019069388
1603.97,22.025828348
1604.63,22.032695765
1605.29,22.039565657
1605.94,22.046334302
1606.60,22.05321122
1607.25,22.059986225
1607.91,22.066868507
1608.57,22.07375495
1609.22,22.080539372
1609.88,22.087431488
1610.53,22.094222941
1611.19,22.10112113
1611.84,22.10791818
1612.50,22.1148234
1613.16,22.12173102
1613.81,22.12853782
1614.47,22.135452254
1615.12,22.142264008
1615.78,22.149184702
1616.44,22.15610852
1617.09,22.162929519
1617.75,22.169858925
1618.40,22.17668646
1619.06,22.183621404
1619.72,22.190560248
1620.37,22.197396363
1621.03,22.204339725
1621.69,22.211287875
1622.34,22.218132756
1623.00,22.2250848
1623.65,22.231936125
1624.31,22.238894746
1624.97,22.245855502
1625.62,22.25271507
1626.28,22.259682172
1626.93,22.266546107
1627.59,22.273519358
1628.25,22.28049455
1628.90,22.28736648
1629.56,22.294347996
1630.21,22.301225671
1630.87,22.308211837
1631.53,22.315201342
1632.18,22.322086814
1632.84,22.329081032
1633.49,22.335972511
1634.15,22.34297194
1634.81,22.349974276
1635.46,22.356873322
1636.12,22.363880392
1636.77,22.370784432
1637.43,22.377797311
1638.09,22.384812097
1638.74,22.391723742
1639.40,22.39874392
1640.05,22.40565946
1640.71,22.412685292
1641.37,22.419713011
1642.02,22.426635822
1642.68,22.433668848
1643.34,22.440703812
1643.99,22.447633982
1644.65,22.45467415
1645.30,22.46160962
1645.96,22.468654064
1646.62,22.475701112
1647.27,22.482643172
1647.93,22.489694348
1648.58,22.496641936
1649.24,22.503697984
1649.90,22.51075609
1650.55,22.51771006
1651.21,22.524772666
1651.86,22.531730656
1652.52,22.5387985
1653.18,22.545867964
1653.83,22.552832584
1654.49,22.559906802
1655.15,22.56698265
1655.80,22.5739539
1656.46,22.581034608
1657.11,22.588009517
1657.77,22.595094419
1658.43,22.602181428
1659.08,22.609162536
1659.74,22.616253708
1660.39,22.623239388
1661.05,22.63033409
1661.71,22.637431598
1662.36,22.644423296
1663.02,22.651524056
1663.68,22.658627504
1664.33,22.665624908
1664.99,22.672731524
1665.64,22.679733408
1666.30,22.68684438
1666.96,22.693956936
1667.61,22.70096441
1668.27,22.708081004
1668.92,22.715091384
1669.58,22.722212226
1670.24,22.72933446
1670.89,22.73635056
1671.55,22.74347691
1672.21,22.750604583
1672.86,22.757626078
1673.52,22.764757728
1674.17,22.771782636
1674.83,22.778917764
1675.49,22.786054754
1676.14,22.793084832
1676.80,22.80022524
1677.46,22.807367442
1678.11,22.814402604
1678.77,22.821548028
1679.42,22.828586868
1680.08,22.83573522
1680.74,22.84288566
1681.39,22.849929554
1682.05,22.85708317
1682.70,22.86413008
1683.36,22.87128688
1684.02,22.878444974
1684.67,22.885496629
1685.33,22.892658289
1685.99,22.899821467
1686.64,22.906877968
1687.30,22.91404405
1687.95,22.921102725
1688.61,22.928272252
1689.27,22.935442882
1689.92,22.942506172
1690.58,22.949679984
1691.24,22.956855036
1691.89,22.963923071
1692.55,22.97110122
1693.21,22.978280442
1693.86,22.985352572
1694.52,22.992534804
1695.17,22.999609256
1695.83,23.006794544
1696.49,23.013980959
1697.14,23.02105935
1697.80,23.0282484
1698.46,23.035438876
1699.11,23.042521335
1699.77,23.049714345
1700.42,23.056799672
1701.08,23.063994944
1701.74,23.071191782
1702.39,23.078280786
1703.05,23.085479805
1703.71,23.092680471
1704.36,23.09977308
1705.02,23.106975714
1705.67,23.114070919
1706.33,23.121276172
1706.99,23.128482316
1707.64,23.135580876
1708.30,23.14278954
1708.96,23.149999248
1709.61,23.157101365
1710.27,23.164313476
1710.93,23.171526484
1711.58,23.178631538
1712.24,23.18584664
1712.89,23.192953415
1713.55,23.200171065
1714.21,23.20738959
1714.86,23.21449994
1715.52,23.221720512
1716.18,23.228941794
1716.83,23.236054939
1717.49,23.243278595
1718.14,23.250393478
1718.80,23.25761896
1719.46,23.2648455
1720.11,23.271963231
1720.77,23.279191617
1721.43,23.286420906
1722.08,23.293541296
1722.74,23.300772388
1723.40,23.30800428
1724.05,23.315127215
1724.71,23.322361013
1725.36,23.329485928
1726.02,23.336721084
1726.68,23.343957456
1727.33,23.351084714
1727.99,23.358322142
1728.65,23.365560935
1729.30,23.37269061
1729.96,23.379930612
1730.62,23.387171482
1731.27,23.394303345
1731.93,23.401545855
1732.59,23.408788896
1733.24,23.41592276
1733.90,23.42316725
1734.55,23.43030313
1735.21,23.437549132
1735.87,23.444795404
1736.52,23.451933184
1737.18,23.45918125
1737.84,23.4664297
1738.49,23.473569256
1739.15,23.480819095
1739.81,23.488069393
1740.46,23.495210482
1741.12,23.502461956
1741.78,23.509714564
1742.43,23.516857542
1743.09,23.524110654
1743.74,23.531254544
1744.40,23.5385091
1745.06,23.545764198
1745.71,23.552909843
1746.37,23.560165902
1747.03,23.567422371
1747.68,23.574569576
1748.34,23.58182701
1749.00,23.5890847
1749.65,23.596233595
1750.31,23.603492566
1750.97,23.610751642
1751.62,23.617901724
1752.28,23.62516194
1752.93,23.632312265
1753.59,23.639573362
1754.25,23.64683475
1754.90,23.65398644
1755.56,23.66124866
1756.22,23.668511124
1756.87,23.675663854
1757.53,23.682927156
1758.19,23.690190683
1758.84,23.697344388
1759.50,23.70460855
1760.16,23.711872968
1760.81,23.719027713
1761.47,23.726292813
1762.13,23.733558092
1762.78,23.740713552
1763.44,23.747979536
1764.10,23.75524573
1764.75,23.762401775
1765.41,23.769668241
1766.06,23.77682483
1766.72,23.78409176
1767.38,23.791359032
1768.03,23.79851643
1768.69,23.80578369
1769.35,23.813051265
1770.00,23.820209
1770.66,23.82747725
1771.32,23.834745276
1771.97,23.841902946
1772.63,23.849171553
1773.29,23.856440141
1773.94,23.863598526
1774.60,23.87086704
1775.26,23.878135814
1775.91,23.885294849
1776.57,23.892563795
1777.23,23.899832682
1777.88,23.906991392
1778.54,23.914260398
1779.20,23.9215295
1779.85,23.9286886
1780.51,23.935957534
1781.17,23.943226395
1781.82,23.95038517
1782.48,23.957654176
1783.14,23.964923246
1783.79,23.972082281
1784.45,23.979351365
1785.10,23.9865102
1785.76,23.99377878
1786.42,24.001047444
1787.07,24.00820601
1787.73,24.01547459
1788.39,24.02274317
1789.04,24.029901588
1789.70,24.03716964
1790.36,24.044437764
1791.01,24.051595816
1791.67,24.058863472
1792.33,24.066131062
1792.98,24.073288472
1793.64,24.080555804
1794.30,24.08782301
1794.95,24.094979965
1795.61,24.102246661
1796.27,24.109513138
1796.92,24.116669248
1797.58,24.12393551
1798.24,24.131201564
1798.89,24.138357154
1799.55,24.1456225
1800.21,24.152887633
1800.86,24.160042378
1801.52,24.167306884
1802.18,24.174571306
1802.83,24.181725661
1803.49,24.188989348
1804.15,24.196252735
1804.80,24.20340592
1805.46,24.210668602
1806.12,24.217930984
1806.77,24.225083064
1807.43,24.232344789
1808.09,24.239606244
1808.74,24.246757284
1809.40,24.25401786
1810.06,24.261278076
1810.71,24.268427816
1811.37,24.275687367
1812.03,24.282946728
1812.68,24.290095168
1813.34,24.297353414
1814.00,24.3046115
1814.65,24.311758835
1815.31,24.319015757
1815.97,24.326272259
1816.62,24.33341838
1817.28,24.340673916
1817.94,24.347928768
1818.59,24.355073521
1819.25,24.3623277
1819.91,24.3695811
1820.56,24.376724096
1821.22,24.38397666
1821.88,24.39122874
1822.53,24.398370092
1823.19,24.405620907
1823.85,24.412871205
1824.50,24.42001115
1825.16,24.427260548
1825.82,24.434509196
1826.47,24.441647358
1827.13,24.448894913
1827.79,24.456141779
1828.44,24.463278184
1829.10,24.47052389
1829.76,24.477768644
1830.41,24.484903219
1831.07,24.492147194
1831.73,24.499390166
1832.38,24.506522902
1833.04,24.513764924
1833.70,24.52100552
1834.36,24.528245828
1835.01,24.53537618
1835.67,24.54261506
1836.33,24.549853478
1836.98,24.556981768
1837.64,24.564218444
1838.30,24.57145457
1838.95,24.578580455
1839.61,24.585814871
1840.27,24.593048873
1840.92,24.600172808
1841.58,24.607405124
1842.24,24.614636768
1842.89,24.621757973
1843.55,24.62898791
1844.21,24.636217304
1844.86,24.643336364
1845.52,24.65056396
1846.18,24.657790876
1846.83,24.664907206
1847.49,24.67213243
1848.15,24.67935712
1848.80,24.68647124
1849.46,24.693693842
1850.12,24.700915796
1850.77,24.708027316
1851.43,24.715247427
1852.09,24.722466867
1852.75,24.729684825
1853.40,24.73679278
1854.06,24.744009568
1854.72,24.751225216
1855.37,24.758330685
1856.03,24.765544743
1856.69,24.772757289
1857.34,24.779859976
1858.00,24.7870714
1858.66,24.794281042
1859.31,24.801380734
1859.97,24.808588858
1860.63,24.815795974
1861.28,24.822893116
1861.94,24.830098468
1862.60,24.83730238
1863.25,24.844396475
1863.91,24.851598857
1864.57,24.858799985
1865.23,24.866000248
1865.88,24.873090188
1866.54,24.88028807
1867.20,24.8874852
1867.85,24.89457215
1868.51,24.90176711
1869.17,24.908961226
1869.82,24.916044796
1870.48,24.923236288
1871.14,24.930427062
1871.79,24.937507707
1872.45,24.94469607
1873.11,24.951883591
1873.76,24.958960856
1874.42,24.96614591
1875.08,24.973330124
1875.74,24.980512772
1876.39,24.987585617
1877.05,24.9947665
1877.71,25.00194598
1878.36,25.009015384
1879.02,25.016192444
1879.68,25.023368096
1880.33,25.030434135
1880.99,25.037608005
1881.65,25.04478025
1882.30,25.05184293
1882.96,25.059013236
1883.62,25.066181744
1884.28,25.07334938
1884.93,25.080407405
1885.59,25.087572068
1886.25,25.09473595
1886.90,25.1017904
1887.56,25.108951644
1888.22,25.116111918
1888.87,25.123162403
1889.53,25.130319873
1890.19,25.13747639
1890.84,25.14452304
1891.50,25.1516767
1892.16,25.158829448
1892.82,25.165980746
1893.47,25.173021999
1894.13,25.180170635
1894.79,25.187318105
1895.44,25.194355608
1896.10,25.20150031
1896.76,25.208643556
1897.41,25.215677218
1898.07,25.222818062
1898.73,25.229957018
1899.38,25.236986516
1900.04,25.244123124
1900.70,25.25125812
1901.36,25.258391892
1902.01,25.265416543
1902.67,25.272547381
1903.33,25.279676965
1903.98,25.28669729
1904.64,25.293823636
1905.30,25.3009489
1905.95,25.307965
1906.61,25.31508721
1907.27,25.322208406
1907.93,25.329328354
1908.58,25.336338452
1909.24,25.343455244
1909.90,25.35057044
1910.55,25.357576345
1911.21,25.364688961
1911.87,25.371799867
1912.52,25.378801316
1913.18,25.385909414
1913.84,25.393015832
1914.50,25.4001205
1915.15,25.407116445
1915.81,25.414218243
1916.47,25.421318443
1917.12,25.428309996
1917.78,25.435407174
1918.44,25.442502944
1919.10,25.4495976
1919.75,25.4565825
1920.41,25.463673343
1921.07,25.470763044
1921.72,25.477743524
1922.38,25.48482999
1923.04,25.491915264
1923.69,25.498890804
1924.35,25.505972505
1925.01,25.513053144
1925.67,25.520131248
1926.32,25.527100924
1926.98,25.534176586
1927.64,25.541249944
1928.29,25.548215015
1928.95,25.555285925
1929.61,25.562354029
1930.27,25.569421201
1930.92,25.576380296
1931.58,25.583443612
1932.24,25.590505816
1932.89,25.597459776
1933.55,25.60451841
1934.21,25.611575784
1934.87,25.618631448
1935.52,25.625578024
1936.18,25.632630322
1936.84,25.639681036
1937.49,25.646622716
1938.15,25.653669965
1938.81,25.660715531
1939.46,25.667652506
1940.12,25.67469488
1940.78,25.68173477
1941.44,25.68877312
1942.09,25.695703674
1942.75,25.70273835
1943.41,25.709771591
1944.06,25.716697142
1944.72,25.723726604
1945.38,25.730754546
1946.04,25.737781208
1946.69,25.744698963
1947.35,25.751721675
1948.01,25.758743047
1948.66,25.765655602
1949.32,25.772672936
1949.98,25.779688604
1950.64,25.786701968
1951.29,25.793607664
1951.95,25.80061792
1952.61,25.807626041
1953.26,25.81452661
1953.92,25.82153152
1954.58,25.828533994
1955.24,25.835535124
1955.89,25.842428439
1956.55,25.84942533
1957.21,25.856420844
1957.86,25.863308504
1958.52,25.870300152
1959.18,25.87729044
1959.84,25.88427852
1960.49,25.891158515
1961.15,25.89814289
1961.81,25.905124766
1962.47,25.912104856
1963.12,25.91897802
1963.78,25.92595488
1964.44,25.932929496
1965.09,25.939796935
1965.75,25.946767525
1966.41,25.953736229
1967.07,25.960703524
1967.72,25.967563104
1968.38,25.974526202
1969.04,25.981487664
1969.69,25.988341329
1970.35,25.99529872
1971.01,26.002254545
1971.67,26.009207315
1972.32,26.016053332
1972.98,26.023003198
1973.64,26.029950056
1974.30,26.03689556
1974.95,26.04373434
1975.61,26.050675587
1976.27,26.057615286
1976.92,26.064447956
1977.58,26.071382902
1978.24,26.078316496
1978.90,26.08524841
1979.55,26.092072545
1980.21,26.09900013
1980.87,26.10592551
1981.52,26.11274362
1982.18,26.119665202
1982.84,26.126584576
1983.50,26.1335015
1984.15,26.14031219
1984.81,26.147225426
1985.47,26.154136124
1986.13,26.161045237
1986.78,26.167847422
1987.44,26.1747521
1988.10,26.1816552
1988.75,26.18845095
1989.41,26.195349569
1990.07,26.202246792
1990.73,26.209140888
1991.38,26.21592859
1992.04,26.222819132
1992.70,26.22970676
1993.36,26.23659266
1994.01,26.243372759
1994.67,26.250253853
1995.33,26.257133396
1995.99,26.264011388
1996.64,26.270782032
1997.30,26.27765535
1997.96,26.28452694
1998.61,26.291290938
1999.27,26.298157632
1999.93,26.305022688
2000.59,26.311884617
2001.24,26.318640988
2001.90,26.32549918
2002.56,26.33235474
2003.22,26.339208642
2003.87,26.345956357
2004.53,26.35280518
2005.19,26.359652523
2005.85,26.366497845
2006.50,26.37323645
2007.16,26.380077076
2007.82,26.386915402
2008.47,26.393647673
2009.13,26.400481878
2009.79,26.407313274
2010.45,26.414142465
2011.10,26.42086664
2011.76,26.427691304
2012.42,26.434513784
2013.08,26.441334608
2013.73,26.448049173
2014.39,26.454865011
2015.05,26.461679165
2015.71,26.468489903
2016.36,26.475195792
2017.02,26.482003378
2017.68,26.488807252
2018.34,26.495609494
2018.99,26.502307159
2019.65,26.509104355
2020.31,26.515899916
2020.96,26.522590756
2021.62,26.529380936
2022.28,26.536169456
2022.94,26.542956038
2023.59,26.549636666
2024.25,26.55641835
2024.91,26.563197738
2025.57,26.56997439
2026.22,26.576646664
2026.88,26.583419056
2027.54,26.59018864
2028.20,26.5969565
2028.85,26.603619325
2029.51,26.610381952
2030.17,26.617142798
2030.83,26.623900802
2031.48,26.630554012
2032.14,26.637307932
2032.80,26.64405894
2033.46,26.650807464
2034.11,26.657452058
2034.77,26.664195806
2035.43,26.670937318
2036.09,26.677677094
2036.74,26.684311384
2037.40,26.6910455
2038.06,26.69777786
2038.72,26.70450722
2039.37,26.711132585
2040.03,26.717858132
2040.69,26.724579836
2041.34,26.73119786
2042.00,26.737916
2042.66,26.744630708
2043.32,26.751343464
2043.97,26.757952469
2044.63,26.764659686
2045.29,26.771365201
2045.95,26.778068755
2046.60,26.7846669
2047.26,26.791364878
2047.92,26.798060776
2048.58,26.8047536
2049.23,26.811343197
2049.89,26.818031571
2050.55,26.824716865
2051.21,26.831400409
2051.86,26.837980294
2052.52,26.844658132
2053.18,26.851334044
2053.84,26.858007172
2054.49,26.864576791
2055.15,26.871245725
2055.81,26.877911395
2056.47,26.884574339
2057.12,26.891134608
2057.78,26.897792952
2058.44,26.90444848
2059.10,26.91110205
2059.75,26.917651775
2060.41,26.924299846
2061.07,26.930946036
2061.73,26.937588804
2062.39,26.944229232
2063.04,26.95076724
2063.70,26.95740255
2064.36,26.964035556
2065.02,26.970666528
2065.67,26.977193438
2066.33,26.983818815
2066.99,26.990442245
2067.65,26.997061775
2068.30,27.00357921
2068.96,27.010194852
2069.62,27.016806712
2070.28,27.023416704
2070.93,27.029924374
2071.59,27.036528622
2072.25,27.04313095
2072.91,27.049730818
2073.56,27.056227496
2074.22,27.06282215
2074.88,27.0694139
2075.54,27.076002788
2076.19,27.082490021
2076.85,27.089074115
2077.51,27.095655098
2078.17,27.10223418
2078.82,27.10871078
2079.48,27.1152839
2080.14,27.12185508
2080.80,27.1284234
2081.45,27.13488932
2082.11,27.141452734
2082.77,27.148012738
2083.43,27.154570162
2084.09,27.161125666
2084.74,27.167578476
2085.40,27.17412808
2086.06,27.180675706
2086.72,27.187219672
2087.37,27.193662341
2088.03,27.200202275
2088.69,27.206737925
2089.35,27.21327151
2090.00,27.2197043
2090.66,27.22623203
2091.32,27.232757776
2091.98,27.239281414
2092.63,27.245702114
2093.29,27.252219867
2093.95,27.258735585
2094.61,27.265247216
2095.26,27.271658322
2095.92,27.278165724
2096.58,27.284669356
2097.24,27.291170932
2097.90,27.29766982
2098.55,27.304066665
2099.21,27.310560108
2099.87,27.317051076
2100.53,27.323538546
2101.18,27.329925724
2101.84,27.336408112
2102.50,27.3428874
2103.16,27.349364672
2103.81,27.355740652
2104.47,27.362211622
2105.13,27.368680597
2105.79,27.375146551
2106.45,27.38160949
2107.10,27.38797253
2107.76,27.394430168
2108.42,27.400884782
2109.08,27.407337204
2109.73,27.413688549
2110.39,27.420135033
2111.05,27.426579415
2111.71,27.433019893
2112.36,27.43936052
2113.02,27.445796708
2113.68,27.452228672
2114.34,27.458658562
2115.00,27.4650865
2115.65,27.471412755
2116.31,27.477834353
2116.97,27.484253711
2117.63,27.490668911
2118.28,27.496984868
2118.94,27.503395514
2119.60,27.5098025
2120.26,27.516207404
2120.91,27.522512664
2121.57,27.528910995
2122.23,27.535307371
2122.89,27.541701253
2123.55,27.548091395
2124.20,27.55438262
2124.86,27.560767526
2125.52,27.567149156
2126.18,27.573528752
2126.83,27.579808662
2127.49,27.586181805
2128.15,27.592552815
2128.81,27.598920561
2129.47,27.605285205
2130.12,27.611551388
2130.78,27.617910422
2131.44,27.624266684
2132.10,27.63062087
2132.75,27.636874975
2133.41,27.643222468
2134.07,27.649567823
2134.73,27.655909697
2135.39,27.662248724
2136.04,27.668489516
2136.70,27.67482248
2137.36,27.681152888
2138.02,27.687481038
2138.67,27.693709273
2139.33,27.700031116
2139.99,27.706350748
2140.65,27.71266609
2141.31,27.718979165
2141.96,27.72519414
2142.62,27.73150101
2143.28,27.73780568
2143.94,27.74410769
2144.60,27.75040562
2145.25,27.756606125
2145.91,27.762899423
2146.57,27.769188731
2147.23,27.775475799
2147.88,27.781664644
2148.54,27.787945192
2149.20,27.7942236
2149.86,27.80049888
2150.52,27.806770676
2151.17,27.812945314
2151.83,27.819211486
2152.49,27.825474473
2153.15,27.83173538
2153.80,27.83789816
2154.46,27.84415244
2155.12,27.850404476
2155.78,27.856652894
2156.44,27.862898408
2157.09,27.869047197
2157.75,27.875286375
2158.41,27.881522929
2159.07,27.887757414
2159.73,27.893987946
2160.38,27.90012115
2161.04,27.906346356
2161.70,27.91256778
2162.36,27.91878672
2163.01,27.924909322
2163.67,27.931121374
2164.33,27.937331314
2164.99,27.943539142
2165.65,27.949742225
2166.30,27.9558493
2166.96,27.96204802
2167.62,27.968242462
2168.28,27.974434472
2168.94,27.980623556
2169.59,27.986715267
2170.25,27.9928985
2170.91,27.99907874
2171.57,28.005255161
2172.23,28.0114293
2172.88,28.0175068
2173.54,28.023674182
2174.20,28.02983932
2174.86,28.036001146
2175.52,28.042159384
2176.17,28.048222191
2176.83,28.054374909
2177.49,28.060524148
2178.15,28.066671145
2178.80,28.07272154
2179.46,28.078861844
2180.12,28.084999916
2180.78,28.091134154
2181.44,28.097265136
2182.09,28.103301009
2182.75,28.109425875
2183.41,28.115547912
2184.07,28.12166772
2184.73,28.12778328
2185.38,28.133803634
2186.04,28.139914452
2186.70,28.14602031
2187.36,28.152123936
2188.02,28.158225558
2188.67,28.164230193
2189.33,28.170324831
2189.99,28.176417093
2190.65,28.18250474
2191.31,28.188590146
2191.96,28.194580936
2192.62,28.200659304
2193.28,28.206735416
2193.94,28.212808868
2194.60,28.21887806
2195.25,28.2248531
2195.91,28.23091718
2196.57,28.23697727
2197.23,28.243035005
2197.89,28.249089515
2198.54,28.255048402
2199.20,28.26109682
2199.86,28.267142156
2200.52,28.273183748
2201.18,28.279222928
2201.83,28.285166918
2202.49,28.291199218
2203.15,28.297229305
2203.81,28.303255567
2204.47,28.309278304
2205.12,28.315207532
2205.78,28.321224158
2206.44,28.327237704
2207.10,28.333249
2207.76,28.33925632
2208.41,28.345169545
2209.07,28.351171404
2209.73,28.357168956
2210.39,28.363163778
2211.05,28.36915633
2211.70,28.37505352
2212.36,28.381038988
2213.02,28.387022262
2213.68,28.393000608
2214.34,28.39897654
2214.99,28.40485969
2215.65,28.410828605
2216.31,28.416795153
2216.97,28.422759111
2217.63,28.428718533
2218.29,28.434675738
2218.94,28.440540168
2219.60,28.4464902
2220.26,28.452437898
2220.92,28.458382716
2221.58,28.464323242
2222.23,28.470171429
2222.89,28.476106347
2223.55,28.482037525
2224.21,28.487966401
2224.87,28.493891947
2225.52,28.499723656
2226.18,28.505642812
2226.84,28.511558656
2227.50,28.51747075
2228.16,28.523380428
2228.81,28.529196823
2229.47,28.535099505
2230.13,28.540999881
2230.79,28.546896123
2231.45,28.55278908
2232.11,28.55867969
2232.76,28.56447704
2233.42,28.57036043
2234.08,28.576241436
2234.74,28.582118208
2235.40,28.58799218
2236.05,28.59377495
2236.71,28.59964169
2237.37,28.605505766
2238.03,28.611367535
2238.69,28.617224705
2239.34,28.622990682
2240.00,28.6288431
2240.66,28.634690238
2241.32,28.640535136
2241.98,28.646377654
2242.64,28.652215628
2243.29,28.657962717
2243.95,28.663795335
2244.61,28.669623195
2245.27,28.675448748
2245.93,28.681271532
2246.58,28.687001742
2247.24,28.692817752
2247.90,28.69863057
2248.56,28.704439244
2249.22,28.710245528
2249.88,28.716048512
2250.53,28.721759597
2251.19,28.727556206
2251.85,28.73334929
2252.51,28.739138549
2253.17,28.744925408
2253.82,28.750620968
2254.48,28.7564006
2255.14,28.762177822
2255.80,28.76795104
2256.46,28.773720716
2257.12,28.779487964
2257.77,28.785163894
2258.43,28.790923878
2259.09,28.796681448
2259.75,28.8024348
2260.41,28.808184995
2261.06,28.813845726
2261.72,28.819589112
2262.38,28.825329458
2263.04,28.831067288
2263.70,28.83680084
2264.36,28.842531404
2265.01,28.848172617
2265.67,28.853895939
2266.33,28.859616918
2266.99,28.865335554
2267.65,28.871048665
2268.31,28.876759459
2268.96,28.882381244
2269.62,28.888084992
2270.28,28.893786152
2270.94,28.899484196
2271.60,28.9051778
2272.25,28.91078285
2272.91,28.916471126
2273.57,28.922154842
2274.23,28.927836113
2274.89,28.933514159
2275.55,28.93918808
2276.20,28.94477366
2276.86,28.950441608
2277.52,28.956105604
2278.18,28.961767168
2278.84,28.967425084
2279.50,28.9730792
2280.15,28.978645265
2280.81,28.984292951
2281.47,28.989937112
2282.13,28.995578834
2282.79,29.001216422
2283.45,29.00685059
2284.10,29.01239703
2284.76,29.018024388
2285.42,29.023648722
2286.08,29.029270688
2286.74,29.034888014
2287.40,29.04050218
2288.05,29.046028885
2288.71,29.051636047
2289.37,29.057240397
2290.03,29.062842303
2290.69,29.068439169
2291.35,29.07403334
2292.00,29.0795404
2292.66,29.0851273
2293.32,29.09071164
2293.98,29.09629326
2294.64,29.101870016
2295.30,29.10744437
2295.95,29.112931605
2296.61,29.118498135
2297.27,29.124062193
2297.93,29.129623287
2298.59,29.135180015
2299.25,29.14073425
2299.90,29.14620114
2300.56,29.151747768
2301.22,29.1572919
2301.88,29.1628326
2302.54,29.168369196
2303.20,29.17390326
2303.85,29.179349805
2304.51,29.184876318
2305.17,29.190400414
2305.83,29.195920786
2306.49,29.201437042
2307.15,29.20695079
2307.80,29.21237738
2308.46,29.217883684
2309.12,29.223387388
2309.78,29.228886772
2310.44,29.234382856
2311.10,29.23987653
2311.75,29.245282775
2312.41,29.25076879
2313.07,29.256252198
2313.73,29.261731122
2314.39,29.267207121
2315.05,29.27268067
2315.70,29.27806618
2316.36,29.283531736
2317.02,29.288994812
2317.68,29.294453408
2318.34,29.29990908
2319.00,29.305362
2319.66,29.310810036
2320.31,29.316173015
2320.97,29.321615705
2321.63,29.327053229
2322.29,29.332488245
2322.95,29.337920375
2323.61,29.343347991
2324.26,29.348690926
2324.92,29.354112892
2325.58,29.359530392
2326.24,29.364945212
2326.90,29.37035642
2327.56,29.375763596
2328.21,29.381086435
2328.87,29.386487545
2329.53,29.391884415
2330.19,29.39727882
2330.85,29.4026697
2331.51,29.408056194
2332.17,29.413440174
2332.82,29.418739104
2333.48,29.424115476
2334.14,29.429489282
2334.80,29.43485924
2335.46,29.44022538
2336.12,29.445588912
2336.77,29.450866977
2337.43,29.456222846
2338.09,29.461576169
2338.75,29.466924875
2339.41,29.472270424
2340.07,29.477613509
2340.73,29.482952051
2341.38,29.488206628
2342.04,29.4935395
2342.70,29.49886735
2343.36,29.504192284
2344.02,29.509514638
2344.68,29.514832192
2345.34,29.520146958
2345.99,29.525378613
2346.65,29.530685555
2347.31,29.535989968
2347.97,29.541291616
2348.63,29.546588413
2349.29,29.551882514
2349.94,29.557093304
2350.60,29.56237958
2351.26,29.567663256
2351.92,29.572943652
2352.58,29.578219872
2353.24,29.583493404
2353.90,29.58876324
2354.55,29.593948995
2355.21,29.599212069
2355.87,29.604471543
2356.53,29.609726883
2357.19,29.614979632
2357.85,29.62022848
2358.51,29.625473299
2359.16,29.630636204
2359.82,29.635874558
2360.48,29.641109024
2361.14,29.646340926
2361.80,29.65156872
2362.46,29.656792788
2363.12,29.662014288
2363.77,29.667152473
2364.43,29.672366052
2365.09,29.67757701
2365.75,29.68278375
2366.41,29.687987128
2367.07,29.69318791
2367.73,29.69838409
2368.38,29.703498234
2369.04,29.708688352
2369.70,29.71387351
2370.36,29.719056076
2371.02,29.724236306
2371.68,29.729410904
2372.34,29.734582816
2372.99,29.739673876
2373.65,29.744837995
2374.31,29.749999646
2374.97,29.755158602
2375.63,29.76031214
2376.29,29.765463245
2376.95,29.770611575
2377.61,29.77575472
2378.26,29.780817388
2378.92,29.785954696
2379.58,29.791087422
2380.24,29.796217548
2380.90,29.80134423
2381.56,29.806466656
2382.22,29.81158643
2382.87,29.816624905
2383.53,29.821736814
2384.19,29.826846069
2384.85,29.831951235
2385.51,29.837052729
2386.17,29.842151664
2386.83,29.847246336
2387.48,29.852259928
2388.14,29.857348148
2388.80,29.86243226
2389.46,29.8675126
2390.12,29.872590328
2390.78,29.877663682
2391.44,29.882733472
2392.10,29.88780069
2392.75,29.892786775
2393.41,29.897846043
2394.07,29.902902608
2394.73,29.907954512
2395.39,29.913003374
2396.05,29.91804969
2396.71,29.923090638
2397.36,29.928052436
2398.02,29.933088138
2398.68,29.938118592
2399.34,29.943146258
2400.00,29.9481713
2400.66,29.953190864
2401.32,29.958207964
2401.98,29.963222446
2402.63,29.968155596
2403.29,29.973162177
2403.95,29.978165835
2404.61,29.983164613
2405.27,29.988160615
2405.93,29.993153185
2406.59,29.99814133
2407.25,30.003126775
2407.90,30.00803317
2408.56,30.013010624
2409.22,30.01798544
2409.88,30.02295656
2410.54,30.02792336
2411.20,30.03288762
2411.86,30.037848246
2412.52,30.04280466
2413.17,30.047683364
2413.83,30.052632836
2414.49,30.057578437
2415.15,30.062521495
2415.81,30.067460473
2416.47,30.072395503
2417.13,30.077327871
2417.79,30.082255893
2418.44,30.087105772
2419.10,30.09202771
2419.76,30.096944776
2420.42,30.101858734
2421.08,30.106770196
2421.74,30.111676438
2422.40,30.11657944
2423.06,30.121479874
2423.71,30.126301509
2424.37,30.131194178
2425.03,30.136084136
2425.69,30.140968928
2426.35,30.145850885
2427.01,30.150730249
2427.67,30.155604283
2428.33,30.160475479
2428.98,30.165270074
2429.64,30.170133376
2430.30,30.17499397
2430.96,30.179851504
2431.62,30.184704264
2432.28,30.18955428
2432.94,30.19440099
2433.60,30.1992429
2434.25,30.204008875
2434.91,30.208844761
2435.57,30.213676315
2436.23,30.218505184
2436.89,30.223330312
2437.55,30.22815071
2438.21,30.232968503
2438.87,30.237782741
2439.53,30.242592633
2440.18,30.24732714
2440.84,30.25213062
2441.50,30.25692995
2442.16,30.261726576
2442.82,30.266518902
2443.48,30.27130734
2444.14,30.276093172
2444.80,30.28087474
2445.45,30.28558026
2446.11,30.290355591
2446.77,30.295126137
2447.43,30.2998932
2448.09,30.304657662
2448.75,30.30941745
2449.41,30.314173835
2450.07,30.318927578
2450.73,30.323676542
2451.38,30.328350322
2452.04,30.333093348
2452.70,30.33783129
2453.36,30.342566316
2454.02,30.347298738
2454.68,30.352025592
2455.34,30.356749896
2456.00,30.3614718
2456.66,30.366187632
2457.31,30.37082978
2457.97,30.37554086
2458.63,30.380246144
2459.29,30.384948745
2459.95,30.389648275
2460.61,30.394343108
2461.27,30.399035234
2461.93,30.403724006
2462.59,30.408407999
2463.24,30.413018424
2463.90,30.41769624
2464.56,30.422369464
2465.22,30.427040042
2465.88,30.431706968
2466.54,30.43636925
2467.20,30.44102896
2467.86,30.445685128
2468.52,30.45033698
2469.18,30.454986032
2469.83,30.459560342
2470.49,30.464201302
2471.15,30.468839695
2471.81,30.473473753
2472.47,30.478104004
2473.13,30.482731546
2473.79,30.487354318
2474.45,30.49197367
2475.11,30.496590491
2475.76,30.501132756
2476.42,30.505741374
2477.08,30.510347312
2477.74,30.514948436
2478.40,30.51954628
2479.06,30.524141494
2479.72,30.528731728
2480.38,30.533318732
2481.04,30.537903024
2481.70,30.54248217
2482.35,30.546989065
2483.01,30.551562716
2483.67,30.556130972
2484.33,30.560696423
2484.99,30.565259069
2485.65,30.569816385
2486.31,30.574371015
2486.97,30.578922705
2487.63,30.583469229
2488.29,30.588013013
2488.94,30.592484818
2489.60,30.59702056
2490.26,30.601553658
2490.92,30.606083436
2491.58,30.610608342
2492.24,30.615130536
2492.90,30.61964916
2493.56,30.624163192
2494.22,30.628674578
2494.88,30.633182312
2495.53,30.637617295
2496.19,30.642117908
2496.85,30.64661462
2497.51,30.651106997
2498.17,30.655596756
2498.83,30.660082644
2499.49,30.664564024
2500.15,30.669042655
2500.81,30.673517257
2501.47,30.677988005
2502.12,30.682388532
2502.78,30.686852508
2503.44,30.691312348
2504.10,30.69576936
2504.76,30.700222116
2505.42,30.704671218
2506.08,30.709117584
2506.74,30.713559252
2507.40,30.71799748
2508.06,30.722432986
2508.72,30.726863632
2509.37,30.731223928
2510.03,30.735648586
2510.69,30.740068078
2511.35,30.744484665
2512.01,30.748898594
2512.67,30.753306998
2513.33,30.757712597
2513.99,30.762115391
2514.65,30.766513115
2515.31,30.770907909
2515.97,30.775299483
2516.62,30.779619806
2517.28,30.784003928
2517.94,30.788384744
2518.60,30.79276058
2519.26,30.797133682
2519.92,30.801503344
2520.58,30.805868192
2521.24,30.810230384
2521.90,30.81458909
2522.56,30.818943316
2523.22,30.823294806
2523.87,30.827576551
2524.53,30.83191977
2525.19,30.836260314
2525.85,30.84059691
2526.51,30.844929273
2527.17,30.849258946
2527.83,30.853584454
2528.49,30.857905846
2529.15,30.86222455
2529.81,30.86653897
2530.47,30.870849395
2531.12,30.875091972
2531.78,30.879395568
2532.44,30.883695292
2533.10,30.88799224
2533.76,30.892284484
2534.42,30.896573326
2535.08,30.90085952
2535.74,30.90514061
2536.40,30.90941842
2537.06,30.913693612
2537.72,30.917963944
2538.38,30.92223097
2539.03,30.92643069
2539.69,30.93068967
2540.35,30.934945745
2541.01,30.939199165
2541.67,30.943447255
2542.33,30.947692573
2542.99,30.951935119
2543.65,30.956172075
2544.31,30.960406403
2544.97,30.964637861
2545.63,30.968863901
2546.29,30.973087247
2546.94,30.977243542
2547.60,30.98145898
2548.26,30.985671598
2548.92,30.989880616
2549.58,30.994084878
2550.24,30.998286516
2550.90,31.00248471
2551.56,31.006678032
2552.22,31.01086868
2552.88,31.01505572
2553.54,31.019238116
2554.20,31.02341784
2554.86,31.027593792
2555.51,31.031702137
2556.17,31.035871
2556.83,31.0400356
2557.49,31.044196525
2558.15,31.048354765
2558.81,31.052508211
2559.47,31.056658038
2560.13,31.060805219
2560.79,31.064947577
2561.45,31.06908629
2562.11,31.073222389
2562.77,31.077353923
2563.43,31.081481802
2564.08,31.085544564
2564.74,31.089665142
2565.40,31.0937822
2566.06,31.097896454
2566.72,31.102005548
2567.38,31.10611164
2568.04,31.11021516
2568.70,31.1143131
2569.36,31.11840816
2570.02,31.12250065
2570.68,31.1265877
2571.34,31.130671758
2572.00,31.134753
2572.66,31.138828896
2573.31,31.142840494
2573.97,31.146910978
2574.63,31.15097617
2575.29,31.155038558
2575.95,31.15909769
2576.61,31.163151637
2577.27,31.167202972
2577.93,31.171251148
2578.59,31.175294309
2579.25,31.1793349
2579.91,31.183372252
2580.57,31.187404303
2581.23,31.191433677
2581.89,31.195459611
2582.55,31.199480815
2583.20,31.20343844
2583.86,31.207453022
2584.52,31.211463496
2585.18,31.215471352
2585.84,31.219475176
2586.50,31.2234745
2587.16,31.227471088
2587.82,31.231463626
2588.48,31.235452084
2589.14,31.239437822
2589.80,31.24341914
2590.46,31.24739664
2591.12,31.251371496
2591.78,31.255341924
2592.44,31.259308392
2593.09,31.263212056
2593.75,31.267171
2594.41,31.271126705
2595.07,31.27507984
2595.73,31.27902796
2596.39,31.282972609
2597.05,31.286914455
2597.71,31.290851421
2598.37,31.294785242
2599.03,31.298716334
2599.69,31.302641882
2600.35,31.306564665
2601.01,31.310484907
2601.67,31.314399169
2602.33,31.31831089
2602.99,31.32222007
2603.64,31.326064452
2604.30,31.32996537
2604.96,31.333863264
2605.62,31.337755888
2606.28,31.341645848
2606.94,31.345532654
2607.60,31.34941448
2608.26,31.35329352
2608.92,31.35716904
2609.58,31.361039688
2610.24,31.364907648
2610.90,31.36877208
2611.56,31.372631864
2612.22,31.376488992
2612.88,31.380342468
2613.54,31.384191084
2614.20,31.38803702
2614.85,31.39182106
2615.51,31.395658828
2616.17,31.399493933
2616.83,31.403325167
2617.49,31.407152138
2618.15,31.41097637
2618.81,31.414796318
2619.47,31.418612224
